Handle,Title,Body (HTML),Vendor,Product Category,Type,Tags,Published,Option1 Name,Option1 Value,Option1 Linked To,Option2 Name,Option2 Value,Option2 Linked To,Option3 Name,Option3 Value,Option3 Linked To,Variant SKU,Variant Grams,Variant Inventory Tracker,Variant Inventory Policy,Variant Fulfillment Service,Variant Price,Variant Compare At Price,Variant Requires Shipping,Variant Taxable,Variant Barcode,Image Src,Image Position,Image Alt Text,Gift Card,SEO Title,SEO Description,Google Shopping / Google Product Category,Google Shopping / Gender,Google Shopping / Age Group,Google Shopping / MPN,Google Shopping / Condition,Google Shopping / Custom Product,Google Shopping / Custom Label 0,Google Shopping / Custom Label 1,Google Shopping / Custom Label 2,Google Shopping / Custom Label 3,Google Shopping / Custom Label 4,Accessory size (product.metafields.shopify.accessory-size),Age group (product.metafields.shopify.age-group),Bag/Case features (product.metafields.shopify.bag-case-features),Bag/Case material (product.metafields.shopify.bag-case-material),Bag/Case storage features (product.metafields.shopify.bag-case-storage-features),Bar mounting type (product.metafields.shopify.bar-mounting-type),Bra features (product.metafields.shopify.bra-features),Bra strap type (product.metafields.shopify.bra-strap-type),Bra support level (product.metafields.shopify.bra-support-level),Care instructions (product.metafields.shopify.care-instructions),Carry options (product.metafields.shopify.carry-options),Closure type (product.metafields.shopify.closure-type),Color (product.metafields.shopify.color-pattern),Display technology (product.metafields.shopify.display-technology),Exercise equipment material (product.metafields.shopify.exercise-equipment-material),Fabric (product.metafields.shopify.fabric),Handwear material (product.metafields.shopify.handwear-material),Jump rope design (product.metafields.shopify.jump-rope-design),Material (product.metafields.shopify.material),Resistance level (product.metafields.shopify.resistance-level),Support/Brace material (product.metafields.shopify.support-brace-material),Target gender (product.metafields.shopify.target-gender),Weight unit supported (product.metafields.shopify.weight-unit-supported),Complementary products (product.metafields.shopify--discovery--product_recommendation.complementary_products),Related products (product.metafields.shopify--discovery--product_recommendation.related_products),Related products settings (product.metafields.shopify--discovery--product_recommendation.related_products_display),Search product boosts (product.metafields.shopify--discovery--product_search_boost.queries),Variant Image,Variant Weight Unit,Variant Tax Code,Cost per item,Status
solid-color-women-cross-back-fitness-sport-bra-high-strength-tight-top-comprehensive-training-gym-yoga-underwear-with-chest-pad,Solid Color Women Cross back Fitness sport Bra high strength Tight Top Comprehensive Training Gym Yoga Underwear With Chest Pad,"<h1>SPECIFICATIONS</h1><p><span>Brand Name</span>: <span style=""color:#333"">NoEnName_Null</span></p><p><span>CN</span>: <span style=""color:#333"">Zhejiang</span></p><p><span>Choice</span>: <span style=""color:#333"">yes</span></p><p><span>Closure Type</span>: <span style=""color:#333"">none</span></p><p><span>Craft of Weaving</span>: <span style=""color:#333"">Knit</span></p><p><span>Department Name</span>: <span style=""color:#333"">Women</span></p><p><span>Fabric weight</span>: <span style=""color:#333"">22gGSM 80% nylon + 20% spandex</span></p><p><span>Feature</span>: <span style=""color:#333"">Breathable</span></p><p><span>Hign-concerned Chemical</span>: <span style=""color:#333"">None</span></p><p><span>Material</span>: <span style=""color:#333"">80% nylon + 20% spandex</span></p><p><span>Model Number</span>: <span style=""color:#333"">women cross back sports bra</span></p><p><span>Origin</span>: <span style=""color:#333"">Mainland China</span></p><p><span>Sports Type</span>: <span style=""color:#333"">Fitness</span></p><p><span>semi_Choice</span>: <span style=""color:#333"">yes</span></p><p><span>service1</span>: <span style=""color:#333"">Support wholesale customization</span></p><p><span>service2</span>: <span style=""color:#333"">free shipping</span></p><p><span>size_info</span>: <span style=""color:#333"">{""sizeInfoList"":[{""length"":{""cm"":""66"",""inch"":""25.98""},""size"":""S"",""vid"":-1},{""length"":{""cm"":""71"",""inch"":""27.95""},""size"":""M"",""vid"":-2},{""length"":{""cm"":""76"",""inch"":""29.92""},""size"":""L"",""vid"":-3}]}</span></p><div class=""detailmodule_image"">
<img class=""detail-desc-decorate-image"" src=""https://ae01.alicdn.com/kf/S7bb4a75cf65e4095af9e185fdf924d11l.jpg"" slate-data-type=""image""><img class=""detail-desc-decorate-image"" src=""https://ae01.alicdn.com/kf/S03f862414cfa480e994d7679b5b0d1c9U.jpg"" slate-data-type=""image"">
</div><div class=""detailmodule_image"">
<img style=""margin-bottom:10px"" class=""detail-desc-decorate-image"" src=""https://ae01.alicdn.com/kf/Se42de46bd7a645638b313a925251a084P.jpg"" slate-data-type=""image""><img style=""margin-bottom:10px"" class=""detail-desc-decorate-image"" src=""https://ae01.alicdn.com/kf/Sc629d2e31b64488694f1fe69c385faa9T.jpg"" slate-data-type=""image""><img style=""margin-bottom:10px"" class=""detail-desc-decorate-image"" src=""https://ae01.alicdn.com/kf/S0b80faaa91204915ac0afd01bb61985et.jpg"" slate-data-type=""image""><img style=""margin-bottom:10px"" class=""detail-desc-decorate-image"" src=""https://ae01.alicdn.com/kf/S7b649042034b46b2ae5ac878bb0508272.jpg"" slate-data-type=""image""><img style=""margin-bottom:10px"" class=""detail-desc-decorate-image"" src=""https://ae01.alicdn.com/kf/Sce30fcd25c404eaca1634b3ec47b595fy.jpg"" slate-data-type=""image""><img style=""margin-bottom:10px"" class=""detail-desc-decorate-image"" src=""https://ae01.alicdn.com/kf/Sd986ea1fd765408fa528485a59a45d39i.jpg"" slate-data-type=""image""><img style=""margin-bottom:10px"" class=""detail-desc-decorate-image"" src=""https://ae01.alicdn.com/kf/S30e6c2959cf24e4fa2470f2effdf6444J.jpg"" slate-data-type=""image""><img style=""margin-bottom:10px"" class=""detail-desc-decorate-image"" src=""https://ae01.alicdn.com/kf/Scf7c3a4cf81747c9aa1b2c9f10a9f5e5t.jpg"" slate-data-type=""image""><img style=""margin-bottom:10px"" class=""detail-desc-decorate-image"" src=""https://ae01.alicdn.com/kf/S2f677432ffec47908fd17cdacbb05b3fL.jpg"" slate-data-type=""image""><img style=""margin-bottom:10px"" class=""detail-desc-decorate-image"" src=""https://ae01.alicdn.com/kf/S10eb12291a0947eba02ce595cc9e0a9c1.jpg"" slate-data-type=""image"">
</div><p><br></p>",SportsGear eHarmony Living,,"","",true,Color,Electric blue,,Size,M,,,,,14:200203854#Electric blue;5:361386,150.0,dsers-fulfillment-service,deny,dsers-fulfillment-service,40.99,0.00,true,true,,https://cdn.shopify.com/s/files/1/0973/2607/2148/files/S0b80faaa91204915ac0afd01bb61985et.webp?v=1753838037,1,"",false,,,,,,,,,,,,,,,,,,,,,,,,,,,,,,,,,,,,,,,,,https://cdn.shopify.com/s/files/1/0973/2607/2148/files/S11462f1e71444ddd9747acc713d185dep.webp?v=1753838036,kg,,13.41,active
solid-color-women-cross-back-fitness-sport-bra-high-strength-tight-top-comprehensive-training-gym-yoga-underwear-with-chest-pad,,,,,,,,,Electric blue,,,S,,,,,14:200203854#Electric blue;5:100014064,150.0,dsers-fulfillment-service,deny,dsers-fulfillment-service,39.99,0.00,true,true,,https://cdn.shopify.com/s/files/1/0973/2607/2148/files/Sc629d2e31b64488694f1fe69c385faa9T.webp?v=1753838037,2,"",,,,,,,,,,,,,,,,,,,,,,,,,,,,,,,,,,,,,,,,,,https://cdn.shopify.com/s/files/1/0973/2607/2148/files/S11462f1e71444ddd9747acc713d185dep.webp?v=1753838036,kg,,13.19,
solid-color-women-cross-back-fitness-sport-bra-high-strength-tight-top-comprehensive-training-gym-yoga-underwear-with-chest-pad,,,,,,,,,cocoa,,,S,,,,,14:201739809#cocoa;5:100014064,150.0,dsers-fulfillment-service,deny,dsers-fulfillment-service,39.99,0.00,true,true,,https://cdn.shopify.com/s/files/1/0973/2607/2148/files/S30e6c2959cf24e4fa2470f2effdf6444J.webp?v=1753838040,3,"",,,,,,,,,,,,,,,,,,,,,,,,,,,,,,,,,,,,,,,,,,https://cdn.shopify.com/s/files/1/0973/2607/2148/files/Sad01b0b31001493d900d9921b25b54fbJ.webp?v=1753838038,kg,,13.27,
solid-color-women-cross-back-fitness-sport-bra-high-strength-tight-top-comprehensive-training-gym-yoga-underwear-with-chest-pad,,,,,,,,,Electric blue,,,L,,,,,14:200203854#Electric blue;5:361385,150.0,dsers-fulfillment-service,deny,dsers-fulfillment-service,40.99,0.00,true,true,,https://cdn.shopify.com/s/files/1/0973/2607/2148/files/S7b649042034b46b2ae5ac878bb0508272.webp?v=1753838036,4,"",,,,,,,,,,,,,,,,,,,,,,,,,,,,,,,,,,,,,,,,,,https://cdn.shopify.com/s/files/1/0973/2607/2148/files/S11462f1e71444ddd9747acc713d185dep.webp?v=1753838036,kg,,13.50,
solid-color-women-cross-back-fitness-sport-bra-high-strength-tight-top-comprehensive-training-gym-yoga-underwear-with-chest-pad,,,,,,,,,cocoa,,,L,,,,,14:201739809#cocoa;5:361385,150.0,dsers-fulfillment-service,deny,dsers-fulfillment-service,40.99,0.00,true,true,,https://cdn.shopify.com/s/files/1/0973/2607/2148/files/S7bb4a75cf65e4095af9e185fdf924d11l.webp?v=1753838036,5,"",,,,,,,,,,,,,,,,,,,,,,,,,,,,,,,,,,,,,,,,,,https://cdn.shopify.com/s/files/1/0973/2607/2148/files/Sad01b0b31001493d900d9921b25b54fbJ.webp?v=1753838038,kg,,13.55,
solid-color-women-cross-back-fitness-sport-bra-high-strength-tight-top-comprehensive-training-gym-yoga-underwear-with-chest-pad,,,,,,,,,cocoa,,,M,,,,,14:201739809#cocoa;5:361386,150.0,dsers-fulfillment-service,deny,dsers-fulfillment-service,40.99,0.00,true,true,,https://cdn.shopify.com/s/files/1/0973/2607/2148/files/S03f862414cfa480e994d7679b5b0d1c9U.webp?v=1753838036,6,"",,,,,,,,,,,,,,,,,,,,,,,,,,,,,,,,,,,,,,,,,,https://cdn.shopify.com/s/files/1/0973/2607/2148/files/Sad01b0b31001493d900d9921b25b54fbJ.webp?v=1753838038,kg,,13.53,
solid-color-women-cross-back-fitness-sport-bra-high-strength-tight-top-comprehensive-training-gym-yoga-underwear-with-chest-pad,,,,,,,,,orchid,,,M,,,,,14:202997806#orchid;5:361386,150.0,dsers-fulfillment-service,deny,dsers-fulfillment-service,40.99,0.00,true,true,,https://cdn.shopify.com/s/files/1/0973/2607/2148/files/Se42de46bd7a645638b313a925251a084P.webp?v=1753838036,7,"",,,,,,,,,,,,,,,,,,,,,,,,,,,,,,,,,,,,,,,,,,https://cdn.shopify.com/s/files/1/0973/2607/2148/files/S966db878450643579f7c240bf0192746D.webp?v=1753838038,kg,,13.56,
solid-color-women-cross-back-fitness-sport-bra-high-strength-tight-top-comprehensive-training-gym-yoga-underwear-with-chest-pad,,,,,,,,,orchid,,,S,,,,,14:202997806#orchid;5:100014064,150.0,dsers-fulfillment-service,deny,dsers-fulfillment-service,39.99,0.00,true,true,,https://cdn.shopify.com/s/files/1/0973/2607/2148/files/Scf7c3a4cf81747c9aa1b2c9f10a9f5e5t.webp?v=1753838037,8,"",,,,,,,,,,,,,,,,,,,,,,,,,,,,,,,,,,,,,,,,,,https://cdn.shopify.com/s/files/1/0973/2607/2148/files/S966db878450643579f7c240bf0192746D.webp?v=1753838038,kg,,13.16,
solid-color-women-cross-back-fitness-sport-bra-high-strength-tight-top-comprehensive-training-gym-yoga-underwear-with-chest-pad,,,,,,,,,white,,,L,,,,,14:100012855#white;5:361385,150.0,dsers-fulfillment-service,deny,dsers-fulfillment-service,40.99,0.00,true,true,,https://cdn.shopify.com/s/files/1/0973/2607/2148/files/Sd09ae16142224ab2b3841a5fdd9289c7x.webp?v=1753838036,9,"",,,,,,,,,,,,,,,,,,,,,,,,,,,,,,,,,,,,,,,,,,https://cdn.shopify.com/s/files/1/0973/2607/2148/files/S2f677432ffec47908fd17cdacbb05b3fL.webp?v=1753838037,kg,,13.45,
solid-color-women-cross-back-fitness-sport-bra-high-strength-tight-top-comprehensive-training-gym-yoga-underwear-with-chest-pad,,,,,,,,,white,,,M,,,,,14:100012855#white;5:361386,150.0,dsers-fulfillment-service,deny,dsers-fulfillment-service,40.99,0.00,true,true,,https://cdn.shopify.com/s/files/1/0973/2607/2148/files/S11462f1e71444ddd9747acc713d185dep.webp?v=1753838036,10,"",,,,,,,,,,,,,,,,,,,,,,,,,,,,,,,,,,,,,,,,,,https://cdn.shopify.com/s/files/1/0973/2607/2148/files/S2f677432ffec47908fd17cdacbb05b3fL.webp?v=1753838037,kg,,13.53,
solid-color-women-cross-back-fitness-sport-bra-high-strength-tight-top-comprehensive-training-gym-yoga-underwear-with-chest-pad,,,,,,,,,navy blue,,,M,,,,,14:100015911#navy blue;5:361386,150.0,dsers-fulfillment-service,deny,dsers-fulfillment-service,40.99,0.00,true,true,,https://cdn.shopify.com/s/files/1/0973/2607/2148/files/S2f677432ffec47908fd17cdacbb05b3fL.webp?v=1753838037,11,"",,,,,,,,,,,,,,,,,,,,,,,,,,,,,,,,,,,,,,,,,,https://cdn.shopify.com/s/files/1/0973/2607/2148/files/S0b80faaa91204915ac0afd01bb61985et.webp?v=1753838037,kg,,13.42,
solid-color-women-cross-back-fitness-sport-bra-high-strength-tight-top-comprehensive-training-gym-yoga-underwear-with-chest-pad,,,,,,,,,navy blue,,,S,,,,,14:100015911#navy blue;5:100014064,150.0,dsers-fulfillment-service,deny,dsers-fulfillment-service,39.99,0.00,true,true,,https://cdn.shopify.com/s/files/1/0973/2607/2148/files/S42c684ccf5844409bb752cbd5c445511N.webp?v=1753838037,12,"",,,,,,,,,,,,,,,,,,,,,,,,,,,,,,,,,,,,,,,,,,https://cdn.shopify.com/s/files/1/0973/2607/2148/files/S0b80faaa91204915ac0afd01bb61985et.webp?v=1753838037,kg,,13.21,
solid-color-women-cross-back-fitness-sport-bra-high-strength-tight-top-comprehensive-training-gym-yoga-underwear-with-chest-pad,,,,,,,,,Chestnut,,,S,,,,,14:200004891#Chestnut;5:100014064,150.0,dsers-fulfillment-service,deny,dsers-fulfillment-service,39.99,0.00,true,true,,https://cdn.shopify.com/s/files/1/0973/2607/2148/files/Sa10c7e7d95c7434daeb7918fe03eee94F.webp?v=1753838038,13,"",,,,,,,,,,,,,,,,,,,,,,,,,,,,,,,,,,,,,,,,,,https://cdn.shopify.com/s/files/1/0973/2607/2148/files/Scb6f7eceda2d4f148debfc0b6a9a9325T.webp?v=1753838040,kg,,13.24,
solid-color-women-cross-back-fitness-sport-bra-high-strength-tight-top-comprehensive-training-gym-yoga-underwear-with-chest-pad,,,,,,,,,navy blue,,,L,,,,,14:100015911#navy blue;5:361385,150.0,dsers-fulfillment-service,deny,dsers-fulfillment-service,40.99,0.00,true,true,,https://cdn.shopify.com/s/files/1/0973/2607/2148/files/Sd986ea1fd765408fa528485a59a45d39i.webp?v=1753838037,14,"",,,,,,,,,,,,,,,,,,,,,,,,,,,,,,,,,,,,,,,,,,https://cdn.shopify.com/s/files/1/0973/2607/2148/files/S0b80faaa91204915ac0afd01bb61985et.webp?v=1753838037,kg,,13.49,
solid-color-women-cross-back-fitness-sport-bra-high-strength-tight-top-comprehensive-training-gym-yoga-underwear-with-chest-pad,,,,,,,,,Chestnut,,,L,,,,,14:200004891#Chestnut;5:361385,150.0,dsers-fulfillment-service,deny,dsers-fulfillment-service,40.99,0.00,true,true,,https://cdn.shopify.com/s/files/1/0973/2607/2148/files/S4297796a22fb4bf6804a5b1ea4f5b871C.webp?v=1753838037,15,"",,,,,,,,,,,,,,,,,,,,,,,,,,,,,,,,,,,,,,,,,,https://cdn.shopify.com/s/files/1/0973/2607/2148/files/Scb6f7eceda2d4f148debfc0b6a9a9325T.webp?v=1753838040,kg,,13.50,
solid-color-women-cross-back-fitness-sport-bra-high-strength-tight-top-comprehensive-training-gym-yoga-underwear-with-chest-pad,,,,,,,,,Chestnut,,,M,,,,,14:200004891#Chestnut;5:361386,150.0,dsers-fulfillment-service,deny,dsers-fulfillment-service,40.99,0.00,true,true,,https://cdn.shopify.com/s/files/1/0973/2607/2148/files/Sad01b0b31001493d900d9921b25b54fbJ.webp?v=1753838038,16,"",,,,,,,,,,,,,,,,,,,,,,,,,,,,,,,,,,,,,,,,,,https://cdn.shopify.com/s/files/1/0973/2607/2148/files/Scb6f7eceda2d4f148debfc0b6a9a9325T.webp?v=1753838040,kg,,13.49,
solid-color-women-cross-back-fitness-sport-bra-high-strength-tight-top-comprehensive-training-gym-yoga-underwear-with-chest-pad,,,,,,,,,Leopard Print,,,L,,,,,14:193#Leopard Print;5:361385,150.0,dsers-fulfillment-service,deny,dsers-fulfillment-service,40.99,0.00,true,true,,https://cdn.shopify.com/s/files/1/0973/2607/2148/files/S966db878450643579f7c240bf0192746D.webp?v=1753838038,17,"",,,,,,,,,,,,,,,,,,,,,,,,,,,,,,,,,,,,,,,,,,https://cdn.shopify.com/s/files/1/0973/2607/2148/files/S42c684ccf5844409bb752cbd5c445511N.webp?v=1753838037,kg,,13.45,
solid-color-women-cross-back-fitness-sport-bra-high-strength-tight-top-comprehensive-training-gym-yoga-underwear-with-chest-pad,,,,,,,,,Rhododendron powder,,,M,,,,,14:100011056#Rhododendron powder;5:361386,150.0,dsers-fulfillment-service,deny,dsers-fulfillment-service,40.99,0.00,true,true,,https://cdn.shopify.com/s/files/1/0973/2607/2148/files/Scb6f7eceda2d4f148debfc0b6a9a9325T.webp?v=1753838040,18,"",,,,,,,,,,,,,,,,,,,,,,,,,,,,,,,,,,,,,,,,,,https://cdn.shopify.com/s/files/1/0973/2607/2148/files/Sce30fcd25c404eaca1634b3ec47b595fy.webp?v=1753838036,kg,,13.61,
solid-color-women-cross-back-fitness-sport-bra-high-strength-tight-top-comprehensive-training-gym-yoga-underwear-with-chest-pad,,,,,,,,,Leopard Print,,,M,,,,,14:193#Leopard Print;5:361386,150.0,dsers-fulfillment-service,deny,dsers-fulfillment-service,40.99,0.00,true,true,,https://cdn.shopify.com/s/files/1/0973/2607/2148/files/Sce30fcd25c404eaca1634b3ec47b595fy.webp?v=1753838036,19,"",,,,,,,,,,,,,,,,,,,,,,,,,,,,,,,,,,,,,,,,,,https://cdn.shopify.com/s/files/1/0973/2607/2148/files/S42c684ccf5844409bb752cbd5c445511N.webp?v=1753838037,kg,,13.50,
solid-color-women-cross-back-fitness-sport-bra-high-strength-tight-top-comprehensive-training-gym-yoga-underwear-with-chest-pad,,,,,,,,,Rhododendron powder,,,S,,,,,14:100011056#Rhododendron powder;5:100014064,150.0,dsers-fulfillment-service,deny,dsers-fulfillment-service,39.99,0.00,true,true,,https://cdn.shopify.com/s/files/1/0973/2607/2148/files/S10eb12291a0947eba02ce595cc9e0a9c1.webp?v=1753838037,20,"",,,,,,,,,,,,,,,,,,,,,,,,,,,,,,,,,,,,,,,,,,https://cdn.shopify.com/s/files/1/0973/2607/2148/files/Sce30fcd25c404eaca1634b3ec47b595fy.webp?v=1753838036,kg,,13.16,
solid-color-women-cross-back-fitness-sport-bra-high-strength-tight-top-comprehensive-training-gym-yoga-underwear-with-chest-pad,,,,,,,,,Leopard Print,,,S,,,,,14:193#Leopard Print;5:100014064,150.0,dsers-fulfillment-service,deny,dsers-fulfillment-service,39.99,0.00,true,true,,,,,,,,,,,,,,,,,,,,,,,,,,,,,,,,,,,,,,,,,,,,,,https://cdn.shopify.com/s/files/1/0973/2607/2148/files/S42c684ccf5844409bb752cbd5c445511N.webp?v=1753838037,kg,,13.32,
solid-color-women-cross-back-fitness-sport-bra-high-strength-tight-top-comprehensive-training-gym-yoga-underwear-with-chest-pad,,,,,,,,,white,,,S,,,,,14:100012855#white;5:100014064,150.0,dsers-fulfillment-service,deny,dsers-fulfillment-service,39.99,0.00,true,true,,,,,,,,,,,,,,,,,,,,,,,,,,,,,,,,,,,,,,,,,,,,,,https://cdn.shopify.com/s/files/1/0973/2607/2148/files/S2f677432ffec47908fd17cdacbb05b3fL.webp?v=1753838037,kg,,13.27,
solid-color-women-cross-back-fitness-sport-bra-high-strength-tight-top-comprehensive-training-gym-yoga-underwear-with-chest-pad,,,,,,,,,Rhododendron powder,,,L,,,,,14:100011056#Rhododendron powder;5:361385,150.0,dsers-fulfillment-service,deny,dsers-fulfillment-service,40.99,0.00,true,true,,,,,,,,,,,,,,,,,,,,,,,,,,,,,,,,,,,,,,,,,,,,,,https://cdn.shopify.com/s/files/1/0973/2607/2148/files/Sce30fcd25c404eaca1634b3ec47b595fy.webp?v=1753838036,kg,,13.50,
solid-color-women-cross-back-fitness-sport-bra-high-strength-tight-top-comprehensive-training-gym-yoga-underwear-with-chest-pad,,,,,,,,,black,,,L,,,,,14:11859821966#black;5:361385,150.0,dsers-fulfillment-service,deny,dsers-fulfillment-service,40.99,0.00,true,true,,,,,,,,,,,,,,,,,,,,,,,,,,,,,,,,,,,,,,,,,,,,,,https://cdn.shopify.com/s/files/1/0973/2607/2148/files/S10eb12291a0947eba02ce595cc9e0a9c1.webp?v=1753838037,kg,,13.53,
solid-color-women-cross-back-fitness-sport-bra-high-strength-tight-top-comprehensive-training-gym-yoga-underwear-with-chest-pad,,,,,,,,,black,,,M,,,,,14:11859821966#black;5:361386,150.0,dsers-fulfillment-service,deny,dsers-fulfillment-service,40.99,0.00,true,true,,,,,,,,,,,,,,,,,,,,,,,,,,,,,,,,,,,,,,,,,,,,,,https://cdn.shopify.com/s/files/1/0973/2607/2148/files/S10eb12291a0947eba02ce595cc9e0a9c1.webp?v=1753838037,kg,,13.50,
solid-color-women-cross-back-fitness-sport-bra-high-strength-tight-top-comprehensive-training-gym-yoga-underwear-with-chest-pad,,,,,,,,,calamus purple,,,M,,,,,14:12983870258#calamus purple;5:361386,150.0,dsers-fulfillment-service,deny,dsers-fulfillment-service,40.99,0.00,true,true,,,,,,,,,,,,,,,,,,,,,,,,,,,,,,,,,,,,,,,,,,,,,,https://cdn.shopify.com/s/files/1/0973/2607/2148/files/Sa10c7e7d95c7434daeb7918fe03eee94F.webp?v=1753838038,kg,,13.50,
solid-color-women-cross-back-fitness-sport-bra-high-strength-tight-top-comprehensive-training-gym-yoga-underwear-with-chest-pad,,,,,,,,,calamus purple,,,S,,,,,14:12983870258#calamus purple;5:100014064,150.0,dsers-fulfillment-service,deny,dsers-fulfillment-service,39.99,0.00,true,true,,,,,,,,,,,,,,,,,,,,,,,,,,,,,,,,,,,,,,,,,,,,,,https://cdn.shopify.com/s/files/1/0973/2607/2148/files/Sa10c7e7d95c7434daeb7918fe03eee94F.webp?v=1753838038,kg,,13.15,
solid-color-women-cross-back-fitness-sport-bra-high-strength-tight-top-comprehensive-training-gym-yoga-underwear-with-chest-pad,,,,,,,,,ivory,,,S,,,,,14:200003699#ivory;5:100014064,150.0,dsers-fulfillment-service,deny,dsers-fulfillment-service,39.99,0.00,true,true,,,,,,,,,,,,,,,,,,,,,,,,,,,,,,,,,,,,,,,,,,,,,,https://cdn.shopify.com/s/files/1/0973/2607/2148/files/Sd986ea1fd765408fa528485a59a45d39i.webp?v=1753838037,kg,,13.27,
solid-color-women-cross-back-fitness-sport-bra-high-strength-tight-top-comprehensive-training-gym-yoga-underwear-with-chest-pad,,,,,,,,,calamus purple,,,L,,,,,14:12983870258#calamus purple;5:361385,150.0,dsers-fulfillment-service,deny,dsers-fulfillment-service,40.99,0.00,true,true,,,,,,,,,,,,,,,,,,,,,,,,,,,,,,,,,,,,,,,,,,,,,,https://cdn.shopify.com/s/files/1/0973/2607/2148/files/Sa10c7e7d95c7434daeb7918fe03eee94F.webp?v=1753838038,kg,,13.49,
solid-color-women-cross-back-fitness-sport-bra-high-strength-tight-top-comprehensive-training-gym-yoga-underwear-with-chest-pad,,,,,,,,,ivory,,,L,,,,,14:200003699#ivory;5:361385,150.0,dsers-fulfillment-service,deny,dsers-fulfillment-service,40.99,0.00,true,true,,,,,,,,,,,,,,,,,,,,,,,,,,,,,,,,,,,,,,,,,,,,,,https://cdn.shopify.com/s/files/1/0973/2607/2148/files/Sd986ea1fd765408fa528485a59a45d39i.webp?v=1753838037,kg,,13.50,
solid-color-women-cross-back-fitness-sport-bra-high-strength-tight-top-comprehensive-training-gym-yoga-underwear-with-chest-pad,,,,,,,,,ivory,,,M,,,,,14:200003699#ivory;5:361386,150.0,dsers-fulfillment-service,deny,dsers-fulfillment-service,40.99,0.00,true,true,,,,,,,,,,,,,,,,,,,,,,,,,,,,,,,,,,,,,,,,,,,,,,https://cdn.shopify.com/s/files/1/0973/2607/2148/files/Sd986ea1fd765408fa528485a59a45d39i.webp?v=1753838037,kg,,13.50,
solid-color-women-cross-back-fitness-sport-bra-high-strength-tight-top-comprehensive-training-gym-yoga-underwear-with-chest-pad,,,,,,,,,tide blue,,,S,,,,,14:579744582#tide blue;5:100014064,150.0,dsers-fulfillment-service,deny,dsers-fulfillment-service,39.99,0.00,true,true,,,,,,,,,,,,,,,,,,,,,,,,,,,,,,,,,,,,,,,,,,,,,,https://cdn.shopify.com/s/files/1/0973/2607/2148/files/Sd09ae16142224ab2b3841a5fdd9289c7x.webp?v=1753838036,kg,,13.15,
solid-color-women-cross-back-fitness-sport-bra-high-strength-tight-top-comprehensive-training-gym-yoga-underwear-with-chest-pad,,,,,,,,,orchid,,,L,,,,,14:202997806#orchid;5:361385,150.0,dsers-fulfillment-service,deny,dsers-fulfillment-service,40.99,0.00,true,true,,,,,,,,,,,,,,,,,,,,,,,,,,,,,,,,,,,,,,,,,,,,,,https://cdn.shopify.com/s/files/1/0973/2607/2148/files/S966db878450643579f7c240bf0192746D.webp?v=1753838038,kg,,13.49,
solid-color-women-cross-back-fitness-sport-bra-high-strength-tight-top-comprehensive-training-gym-yoga-underwear-with-chest-pad,,,,,,,,,tide blue,,,L,,,,,14:579744582#tide blue;5:361385,150.0,dsers-fulfillment-service,deny,dsers-fulfillment-service,40.99,0.00,true,true,,,,,,,,,,,,,,,,,,,,,,,,,,,,,,,,,,,,,,,,,,,,,,https://cdn.shopify.com/s/files/1/0973/2607/2148/files/Sd09ae16142224ab2b3841a5fdd9289c7x.webp?v=1753838036,kg,,13.50,
solid-color-women-cross-back-fitness-sport-bra-high-strength-tight-top-comprehensive-training-gym-yoga-underwear-with-chest-pad,,,,,,,,,tide blue,,,M,,,,,14:579744582#tide blue;5:361386,150.0,dsers-fulfillment-service,deny,dsers-fulfillment-service,40.99,0.00,true,true,,,,,,,,,,,,,,,,,,,,,,,,,,,,,,,,,,,,,,,,,,,,,,https://cdn.shopify.com/s/files/1/0973/2607/2148/files/Sd09ae16142224ab2b3841a5fdd9289c7x.webp?v=1753838036,kg,,13.53,
solid-color-women-cross-back-fitness-sport-bra-high-strength-tight-top-comprehensive-training-gym-yoga-underwear-with-chest-pad,,,,,,,,,gray blue,,,M,,,,,14:9734404939#gray blue;5:361386,150.0,dsers-fulfillment-service,deny,dsers-fulfillment-service,44.99,0.00,true,true,,,,,,,,,,,,,,,,,,,,,,,,,,,,,,,,,,,,,,,,,,,,,,https://cdn.shopify.com/s/files/1/0973/2607/2148/files/S4297796a22fb4bf6804a5b1ea4f5b871C.webp?v=1753838037,kg,,14.97,
solid-color-women-cross-back-fitness-sport-bra-high-strength-tight-top-comprehensive-training-gym-yoga-underwear-with-chest-pad,,,,,,,,,gray blue,,,S,,,,,14:9734404939#gray blue;5:100014064,150.0,dsers-fulfillment-service,deny,dsers-fulfillment-service,39.99,0.00,true,true,,,,,,,,,,,,,,,,,,,,,,,,,,,,,,,,,,,,,,,,,,,,,,https://cdn.shopify.com/s/files/1/0973/2607/2148/files/S4297796a22fb4bf6804a5b1ea4f5b871C.webp?v=1753838037,kg,,13.19,
solid-color-women-cross-back-fitness-sport-bra-high-strength-tight-top-comprehensive-training-gym-yoga-underwear-with-chest-pad,,,,,,,,,black,,,S,,,,,14:11859821966#black;5:100014064,150.0,dsers-fulfillment-service,deny,dsers-fulfillment-service,39.99,0.00,true,true,,,,,,,,,,,,,,,,,,,,,,,,,,,,,,,,,,,,,,,,,,,,,,https://cdn.shopify.com/s/files/1/0973/2607/2148/files/S10eb12291a0947eba02ce595cc9e0a9c1.webp?v=1753838037,kg,,13.29,
solid-color-women-cross-back-fitness-sport-bra-high-strength-tight-top-comprehensive-training-gym-yoga-underwear-with-chest-pad,,,,,,,,,gray blue,,,L,,,,,14:9734404939#gray blue;5:361385,150.0,dsers-fulfillment-service,deny,dsers-fulfillment-service,40.99,0.00,true,true,,,,,,,,,,,,,,,,,,,,,,,,,,,,,,,,,,,,,,,,,,,,,,https://cdn.shopify.com/s/files/1/0973/2607/2148/files/S4297796a22fb4bf6804a5b1ea4f5b871C.webp?v=1753838037,kg,,13.53,
solid-color-gym-yoga-underwear-women-cross-back-straps-fitness-bra-high-strength-tight-sport-top-comprehensive-with-chest-pad,Solid Color Gym Yoga Underwear Women Cross Back Straps Fitness Bra High Strength Tight Sport Top Comprehensive  With Chest Pad,"<h1>SPECIFICATIONS</h1><p><span>Brand Name</span>: <span style=""color:#333"">NoEnName_Null</span></p><p><span>CN</span>: <span style=""color:#333"">Zhejiang</span></p><p><span>Choice</span>: <span style=""color:#333"">yes</span></p><p><span>Closure Type</span>: <span style=""color:#333"">none</span></p><p><span>Craft of Weaving</span>: <span style=""color:#333"">Knit</span></p><p><span>Department Name</span>: <span style=""color:#333"">Women</span></p><p><span>Fabric weight</span>: <span style=""color:#333"">22gGSM 80% nylon + 20% spandex</span></p><p><span>Feature</span>: <span style=""color:#333"">Breathable</span></p><p><span>Hign-concerned Chemical</span>: <span style=""color:#333"">None</span></p><p><span>Material</span>: <span style=""color:#333"">80% nylon + 20% spandex</span></p><p><span>Model Number</span>: <span style=""color:#333"">women Sling  cross sports bra</span></p><p><span>Origin</span>: <span style=""color:#333"">Mainland China</span></p><p><span>Sports Type</span>: <span style=""color:#333"">Fitness</span></p><p><span>semi_Choice</span>: <span style=""color:#333"">yes</span></p><p><span>service1</span>: <span style=""color:#333"">Support wholesale customization</span></p><p><span>service2</span>: <span style=""color:#333"">free shipping</span></p><p><span>size_info</span>: <span style=""color:#333"">{""sizeInfoList"":[{""length"":{""cm"":""61"",""inch"":""24.02""},""size"":""S"",""vid"":-1},{""length"":{""cm"":""67"",""inch"":""26.38""},""size"":""M"",""vid"":-2},{""length"":{""cm"":""71"",""inch"":""27.95""},""size"":""L"",""vid"":-3}]}</span></p><div class=""detailmodule_image"">
<img class=""detail-desc-decorate-image"" src=""https://ae01.alicdn.com/kf/S7bb4a75cf65e4095af9e185fdf924d11l.jpg"" slate-data-type=""image""><img class=""detail-desc-decorate-image"" src=""https://ae01.alicdn.com/kf/S03f862414cfa480e994d7679b5b0d1c9U.jpg"" slate-data-type=""image"">
</div><div class=""detailmodule_image"">
<img style=""margin-bottom:10px"" class=""detail-desc-decorate-image"" src=""https://ae01.alicdn.com/kf/Se42de46bd7a645638b313a925251a084P.jpg"" slate-data-type=""image""><img style=""margin-bottom:10px"" class=""detail-desc-decorate-image"" src=""https://ae01.alicdn.com/kf/S16f6b3991ed74692aab9a595d010a48bs.jpg"" slate-data-type=""image""><img style=""margin-bottom:10px"" class=""detail-desc-decorate-image"" src=""https://ae01.alicdn.com/kf/S26e2b81c6b2946d29239fcca94722092G.jpg"" slate-data-type=""image""><img style=""margin-bottom:10px"" class=""detail-desc-decorate-image"" src=""https://ae01.alicdn.com/kf/S19bab7416ddc475d956bad3c52853a92a.jpg"" slate-data-type=""image""><img style=""margin-bottom:10px"" class=""detail-desc-decorate-image"" src=""https://ae01.alicdn.com/kf/S7c033be48af044a5b3b60729b0350e40v.jpg"" slate-data-type=""image""><img style=""margin-bottom:10px"" class=""detail-desc-decorate-image"" src=""https://ae01.alicdn.com/kf/S2c99dd0c8de84ecbaf2055584e2761eaU.jpg"" slate-data-type=""image""><img style=""margin-bottom:10px"" class=""detail-desc-decorate-image"" src=""https://ae01.alicdn.com/kf/S0fc55ba011a343a793a6b3d89267fa5fj.jpg"" slate-data-type=""image""><img style=""margin-bottom:10px"" class=""detail-desc-decorate-image"" src=""https://ae01.alicdn.com/kf/Sbd718a40951643c8b24cbf7ce63ad371J.jpg"" slate-data-type=""image""><img style=""margin-bottom:10px"" class=""detail-desc-decorate-image"" src=""https://ae01.alicdn.com/kf/Sebae2e036afe4069a879f26e240dfa9fN.jpg"" slate-data-type=""image""><img style=""margin-bottom:10px"" class=""detail-desc-decorate-image"" src=""https://ae01.alicdn.com/kf/S6f6e151c30d44123b381de774e168a3cV.jpg"" slate-data-type=""image"">
</div><div class=""detailmodule_image"">
<img class=""detail-desc-decorate-image"" src=""https://ae01.alicdn.com/kf/Sfe2b9211598c4e079e6fe198b8458e868.jpg"" slate-data-type=""image""><img class=""detail-desc-decorate-image"" src=""https://ae01.alicdn.com/kf/S6a1974b61e384b73a8d8bd7d94103fe5L.jpg"" slate-data-type=""image"">
</div><p><br></p>",SportsGear eHarmony Living,,"","",true,Color,cosmos powder,,Size,S,,,,,14:202997806#cosmos powder;5:100014064,150.0,dsers-fulfillment-service,deny,dsers-fulfillment-service,32.99,0.00,true,true,,https://cdn.shopify.com/s/files/1/0973/2607/2148/files/Sa0fb6ee58e6641dfaab79014e6211679a.webp?v=1753838039,1,"",false,,,,,,,,,,,,,,,,,,,,,,,,,,,,,,,,,,,,,,,,,https://cdn.shopify.com/s/files/1/0973/2607/2148/files/S1015609505b2484ea92bfeabaafdcf5cv.webp?v=1753838039,kg,,10.87,active
solid-color-gym-yoga-underwear-women-cross-back-straps-fitness-bra-high-strength-tight-sport-top-comprehensive-with-chest-pad,,,,,,,,,Yellow green,,,L,,,,,14:201739809#Yellow green;5:361385,150.0,dsers-fulfillment-service,deny,dsers-fulfillment-service,33.99,0.00,true,true,,https://cdn.shopify.com/s/files/1/0973/2607/2148/files/S2a81b0b8b99846e2a0733f7628f3eba8W.webp?v=1753838039,2,"",,,,,,,,,,,,,,,,,,,,,,,,,,,,,,,,,,,,,,,,,,https://cdn.shopify.com/s/files/1/0973/2607/2148/files/S6e11f3439fa147d2916947d016b957b7x.webp?v=1753838039,kg,,11.20,
solid-color-gym-yoga-underwear-women-cross-back-straps-fitness-bra-high-strength-tight-sport-top-comprehensive-with-chest-pad,,,,,,,,,Yellow green,,,M,,,,,14:201739809#Yellow green;5:361386,150.0,dsers-fulfillment-service,deny,dsers-fulfillment-service,38.99,0.00,true,true,,https://cdn.shopify.com/s/files/1/0973/2607/2148/files/Sea4bc64264834eb3a18d5ca17aa3d0c7r.webp?v=1753838038,3,"",,,,,,,,,,,,,,,,,,,,,,,,,,,,,,,,,,,,,,,,,,https://cdn.shopify.com/s/files/1/0973/2607/2148/files/S6e11f3439fa147d2916947d016b957b7x.webp?v=1753838039,kg,,12.69,
solid-color-gym-yoga-underwear-women-cross-back-straps-fitness-bra-high-strength-tight-sport-top-comprehensive-with-chest-pad,,,,,,,,,Yellow green,,,S,,,,,14:201739809#Yellow green;5:100014064,150.0,dsers-fulfillment-service,deny,dsers-fulfillment-service,32.99,0.00,true,true,,https://cdn.shopify.com/s/files/1/0973/2607/2148/files/S5dd54e3b58a2451680e875cdffe02306r.webp?v=1753838038,4,"",,,,,,,,,,,,,,,,,,,,,,,,,,,,,,,,,,,,,,,,,,https://cdn.shopify.com/s/files/1/0973/2607/2148/files/S6e11f3439fa147d2916947d016b957b7x.webp?v=1753838039,kg,,10.90,
solid-color-gym-yoga-underwear-women-cross-back-straps-fitness-bra-high-strength-tight-sport-top-comprehensive-with-chest-pad,,,,,,,,,navy blue,,,M,,,,,14:200004890#navy blue;5:361386,150.0,dsers-fulfillment-service,deny,dsers-fulfillment-service,33.99,0.00,true,true,,https://cdn.shopify.com/s/files/1/0973/2607/2148/files/Sb95eaddcdbe84869a0636be6a0515e8fY.webp?v=1753838038,5,"",,,,,,,,,,,,,,,,,,,,,,,,,,,,,,,,,,,,,,,,,,https://cdn.shopify.com/s/files/1/0973/2607/2148/files/Sac4a1a5c1dff4263be9f0ae3d7a640a6f.webp?v=1753838038,kg,,11.03,
solid-color-gym-yoga-underwear-women-cross-back-straps-fitness-bra-high-strength-tight-sport-top-comprehensive-with-chest-pad,,,,,,,,,navy blue,,,S,,,,,14:200004890#navy blue;5:100014064,150.0,dsers-fulfillment-service,deny,dsers-fulfillment-service,32.99,0.00,true,true,,https://cdn.shopify.com/s/files/1/0973/2607/2148/files/S141808cd187d48c6b853c5f7f740f04eT.webp?v=1753838039,6,"",,,,,,,,,,,,,,,,,,,,,,,,,,,,,,,,,,,,,,,,,,https://cdn.shopify.com/s/files/1/0973/2607/2148/files/Sac4a1a5c1dff4263be9f0ae3d7a640a6f.webp?v=1753838038,kg,,10.80,
solid-color-gym-yoga-underwear-women-cross-back-straps-fitness-bra-high-strength-tight-sport-top-comprehensive-with-chest-pad,,,,,,,,,cosmos powder,,,L,,,,,14:202997806#cosmos powder;5:361385,150.0,dsers-fulfillment-service,deny,dsers-fulfillment-service,33.99,0.00,true,true,,https://cdn.shopify.com/s/files/1/0973/2607/2148/files/S7bb4a75cf65e4095af9e185fdf924d11l_336154e0-5db7-4b92-bede-1d3bd52776c5.webp?v=1753838037,7,"",,,,,,,,,,,,,,,,,,,,,,,,,,,,,,,,,,,,,,,,,,https://cdn.shopify.com/s/files/1/0973/2607/2148/files/S1015609505b2484ea92bfeabaafdcf5cv.webp?v=1753838039,kg,,11.31,
solid-color-gym-yoga-underwear-women-cross-back-straps-fitness-bra-high-strength-tight-sport-top-comprehensive-with-chest-pad,,,,,,,,,cosmos powder,,,M,,,,,14:202997806#cosmos powder;5:361386,150.0,dsers-fulfillment-service,deny,dsers-fulfillment-service,33.99,0.00,true,true,,https://cdn.shopify.com/s/files/1/0973/2607/2148/files/S03f862414cfa480e994d7679b5b0d1c9U_ed13555a-6ce6-4218-af07-5aefe9c45587.webp?v=1753838036,8,"",,,,,,,,,,,,,,,,,,,,,,,,,,,,,,,,,,,,,,,,,,https://cdn.shopify.com/s/files/1/0973/2607/2148/files/S1015609505b2484ea92bfeabaafdcf5cv.webp?v=1753838039,kg,,11.03,
solid-color-gym-yoga-underwear-women-cross-back-straps-fitness-bra-high-strength-tight-sport-top-comprehensive-with-chest-pad,,,,,,,,,calamus purple,,,M,,,,,14:200004891#calamus purple;5:361386,150.0,dsers-fulfillment-service,deny,dsers-fulfillment-service,33.99,0.00,true,true,,https://cdn.shopify.com/s/files/1/0973/2607/2148/files/Se42de46bd7a645638b313a925251a084P_be9bdc7b-c868-463b-abe4-d67f0cb70bfb.webp?v=1753838036,9,"",,,,,,,,,,,,,,,,,,,,,,,,,,,,,,,,,,,,,,,,,,https://cdn.shopify.com/s/files/1/0973/2607/2148/files/S8da02e70e35f4b31a85e56d5b8abb182T.webp?v=1753838037,kg,,11.03,
solid-color-gym-yoga-underwear-women-cross-back-straps-fitness-bra-high-strength-tight-sport-top-comprehensive-with-chest-pad,,,,,,,,,calamus purple,,,S,,,,,14:200004891#calamus purple;5:100014064,150.0,dsers-fulfillment-service,deny,dsers-fulfillment-service,32.99,0.00,true,true,,https://cdn.shopify.com/s/files/1/0973/2607/2148/files/S16f6b3991ed74692aab9a595d010a48bs.webp?v=1753838037,10,"",,,,,,,,,,,,,,,,,,,,,,,,,,,,,,,,,,,,,,,,,,https://cdn.shopify.com/s/files/1/0973/2607/2148/files/S8da02e70e35f4b31a85e56d5b8abb182T.webp?v=1753838037,kg,,10.80,
solid-color-gym-yoga-underwear-women-cross-back-straps-fitness-bra-high-strength-tight-sport-top-comprehensive-with-chest-pad,,,,,,,,,white,,,L,,,,,14:100015911#white;5:361385,150.0,dsers-fulfillment-service,deny,dsers-fulfillment-service,33.99,0.00,true,true,,https://cdn.shopify.com/s/files/1/0973/2607/2148/files/S26e2b81c6b2946d29239fcca94722092G.webp?v=1753838038,11,"",,,,,,,,,,,,,,,,,,,,,,,,,,,,,,,,,,,,,,,,,,https://cdn.shopify.com/s/files/1/0973/2607/2148/files/Sb1c0319753424d0c9031295128fe07c6b.webp?v=1753838038,kg,,11.20,
solid-color-gym-yoga-underwear-women-cross-back-straps-fitness-bra-high-strength-tight-sport-top-comprehensive-with-chest-pad,,,,,,,,,white,,,M,,,,,14:100015911#white;5:361386,150.0,dsers-fulfillment-service,deny,dsers-fulfillment-service,32.99,0.00,true,true,,https://cdn.shopify.com/s/files/1/0973/2607/2148/files/S19bab7416ddc475d956bad3c52853a92a.webp?v=1753838038,12,"",,,,,,,,,,,,,,,,,,,,,,,,,,,,,,,,,,,,,,,,,,https://cdn.shopify.com/s/files/1/0973/2607/2148/files/Sb1c0319753424d0c9031295128fe07c6b.webp?v=1753838038,kg,,10.97,
solid-color-gym-yoga-underwear-women-cross-back-straps-fitness-bra-high-strength-tight-sport-top-comprehensive-with-chest-pad,,,,,,,,,black,,,L,,,,,14:200203854#black;5:361385,150.0,dsers-fulfillment-service,deny,dsers-fulfillment-service,35.99,0.00,true,true,,https://cdn.shopify.com/s/files/1/0973/2607/2148/files/S7c033be48af044a5b3b60729b0350e40v.webp?v=1753838038,13,"",,,,,,,,,,,,,,,,,,,,,,,,,,,,,,,,,,,,,,,,,,https://cdn.shopify.com/s/files/1/0973/2607/2148/files/S3e9573b62bdc40a68d866ec280b2cec7i.webp?v=1753838037,kg,,12.00,
solid-color-gym-yoga-underwear-women-cross-back-straps-fitness-bra-high-strength-tight-sport-top-comprehensive-with-chest-pad,,,,,,,,,black,,,M,,,,,14:200203854#black;5:361386,150.0,dsers-fulfillment-service,deny,dsers-fulfillment-service,33.99,0.00,true,true,,https://cdn.shopify.com/s/files/1/0973/2607/2148/files/S2c99dd0c8de84ecbaf2055584e2761eaU.webp?v=1753838039,14,"",,,,,,,,,,,,,,,,,,,,,,,,,,,,,,,,,,,,,,,,,,https://cdn.shopify.com/s/files/1/0973/2607/2148/files/S3e9573b62bdc40a68d866ec280b2cec7i.webp?v=1753838037,kg,,11.00,
solid-color-gym-yoga-underwear-women-cross-back-straps-fitness-bra-high-strength-tight-sport-top-comprehensive-with-chest-pad,,,,,,,,,black,,,S,,,,,14:200203854#black;5:100014064,150.0,dsers-fulfillment-service,deny,dsers-fulfillment-service,32.99,0.00,true,true,,https://cdn.shopify.com/s/files/1/0973/2607/2148/files/S0fc55ba011a343a793a6b3d89267fa5fj.webp?v=1753838037,15,"",,,,,,,,,,,,,,,,,,,,,,,,,,,,,,,,,,,,,,,,,,https://cdn.shopify.com/s/files/1/0973/2607/2148/files/S3e9573b62bdc40a68d866ec280b2cec7i.webp?v=1753838037,kg,,10.91,
solid-color-gym-yoga-underwear-women-cross-back-straps-fitness-bra-high-strength-tight-sport-top-comprehensive-with-chest-pad,,,,,,,,,calamus purple,,,L,,,,,14:200004891#calamus purple;5:361385,150.0,dsers-fulfillment-service,deny,dsers-fulfillment-service,33.99,0.00,true,true,,https://cdn.shopify.com/s/files/1/0973/2607/2148/files/Sbd718a40951643c8b24cbf7ce63ad371J.webp?v=1753838038,16,"",,,,,,,,,,,,,,,,,,,,,,,,,,,,,,,,,,,,,,,,,,https://cdn.shopify.com/s/files/1/0973/2607/2148/files/S8da02e70e35f4b31a85e56d5b8abb182T.webp?v=1753838037,kg,,11.25,
solid-color-gym-yoga-underwear-women-cross-back-straps-fitness-bra-high-strength-tight-sport-top-comprehensive-with-chest-pad,,,,,,,,,Rhododendron powder,,,L,,,,,14:100011056#Rhododendron powder;5:361385,150.0,dsers-fulfillment-service,deny,dsers-fulfillment-service,33.99,0.00,true,true,,https://cdn.shopify.com/s/files/1/0973/2607/2148/files/Sebae2e036afe4069a879f26e240dfa9fN.webp?v=1753838038,17,"",,,,,,,,,,,,,,,,,,,,,,,,,,,,,,,,,,,,,,,,,,https://cdn.shopify.com/s/files/1/0973/2607/2148/files/S9d959fab8051444c8d49ea3342ad2eafk.webp?v=1753838037,kg,,11.17,
solid-color-gym-yoga-underwear-women-cross-back-straps-fitness-bra-high-strength-tight-sport-top-comprehensive-with-chest-pad,,,,,,,,,Rhododendron powder,,,M,,,,,14:100011056#Rhododendron powder;5:361386,150.0,dsers-fulfillment-service,deny,dsers-fulfillment-service,33.99,0.00,true,true,,https://cdn.shopify.com/s/files/1/0973/2607/2148/files/S6f6e151c30d44123b381de774e168a3cV.webp?v=1753838038,18,"",,,,,,,,,,,,,,,,,,,,,,,,,,,,,,,,,,,,,,,,,,https://cdn.shopify.com/s/files/1/0973/2607/2148/files/S9d959fab8051444c8d49ea3342ad2eafk.webp?v=1753838037,kg,,11.03,
solid-color-gym-yoga-underwear-women-cross-back-straps-fitness-bra-high-strength-tight-sport-top-comprehensive-with-chest-pad,,,,,,,,,Rhododendron powder,,,S,,,,,14:100011056#Rhododendron powder;5:100014064,150.0,dsers-fulfillment-service,deny,dsers-fulfillment-service,31.99,0.00,true,true,,https://cdn.shopify.com/s/files/1/0973/2607/2148/files/Sfe2b9211598c4e079e6fe198b8458e868.webp?v=1753838037,19,"",,,,,,,,,,,,,,,,,,,,,,,,,,,,,,,,,,,,,,,,,,https://cdn.shopify.com/s/files/1/0973/2607/2148/files/S9d959fab8051444c8d49ea3342ad2eafk.webp?v=1753838037,kg,,10.62,
solid-color-gym-yoga-underwear-women-cross-back-straps-fitness-bra-high-strength-tight-sport-top-comprehensive-with-chest-pad,,,,,,,,,white,,,S,,,,,14:100015911#white;5:100014064,150.0,dsers-fulfillment-service,deny,dsers-fulfillment-service,32.99,0.00,true,true,,https://cdn.shopify.com/s/files/1/0973/2607/2148/files/S6a1974b61e384b73a8d8bd7d94103fe5L.webp?v=1753838039,20,"",,,,,,,,,,,,,,,,,,,,,,,,,,,,,,,,,,,,,,,,,,https://cdn.shopify.com/s/files/1/0973/2607/2148/files/Sb1c0319753424d0c9031295128fe07c6b.webp?v=1753838038,kg,,10.80,
solid-color-gym-yoga-underwear-women-cross-back-straps-fitness-bra-high-strength-tight-sport-top-comprehensive-with-chest-pad,,,,,,,,,Electric blue,,,L,,,,,14:100012855#Electric blue;5:361385,150.0,dsers-fulfillment-service,deny,dsers-fulfillment-service,33.99,0.00,true,true,,https://cdn.shopify.com/s/files/1/0973/2607/2148/files/S1015609505b2484ea92bfeabaafdcf5cv.webp?v=1753838039,21,"",,,,,,,,,,,,,,,,,,,,,,,,,,,,,,,,,,,,,,,,,,https://cdn.shopify.com/s/files/1/0973/2607/2148/files/S6e0c036d4c7d412a895fae69980d2da4v.webp?v=1753838038,kg,,11.11,
solid-color-gym-yoga-underwear-women-cross-back-straps-fitness-bra-high-strength-tight-sport-top-comprehensive-with-chest-pad,,,,,,,,,Electric blue,,,M,,,,,14:100012855#Electric blue;5:361386,150.0,dsers-fulfillment-service,deny,dsers-fulfillment-service,32.99,0.00,true,true,,https://cdn.shopify.com/s/files/1/0973/2607/2148/files/S6e11f3439fa147d2916947d016b957b7x.webp?v=1753838039,22,"",,,,,,,,,,,,,,,,,,,,,,,,,,,,,,,,,,,,,,,,,,https://cdn.shopify.com/s/files/1/0973/2607/2148/files/S6e0c036d4c7d412a895fae69980d2da4v.webp?v=1753838038,kg,,10.91,
solid-color-gym-yoga-underwear-women-cross-back-straps-fitness-bra-high-strength-tight-sport-top-comprehensive-with-chest-pad,,,,,,,,,Electric blue,,,S,,,,,14:100012855#Electric blue;5:100014064,150.0,dsers-fulfillment-service,deny,dsers-fulfillment-service,35.99,0.00,true,true,,https://cdn.shopify.com/s/files/1/0973/2607/2148/files/Sac4a1a5c1dff4263be9f0ae3d7a640a6f.webp?v=1753838038,23,"",,,,,,,,,,,,,,,,,,,,,,,,,,,,,,,,,,,,,,,,,,https://cdn.shopify.com/s/files/1/0973/2607/2148/files/S6e0c036d4c7d412a895fae69980d2da4v.webp?v=1753838038,kg,,11.80,
solid-color-gym-yoga-underwear-women-cross-back-straps-fitness-bra-high-strength-tight-sport-top-comprehensive-with-chest-pad,,,,,,,,,navy blue,,,L,,,,,14:200004890#navy blue;5:361385,150.0,dsers-fulfillment-service,deny,dsers-fulfillment-service,33.99,0.00,true,true,,https://cdn.shopify.com/s/files/1/0973/2607/2148/files/Sb1c0319753424d0c9031295128fe07c6b.webp?v=1753838038,24,"",,,,,,,,,,,,,,,,,,,,,,,,,,,,,,,,,,,,,,,,,,https://cdn.shopify.com/s/files/1/0973/2607/2148/files/Sac4a1a5c1dff4263be9f0ae3d7a640a6f.webp?v=1753838038,kg,,11.28,
solid-color-gym-yoga-underwear-women-cross-back-straps-fitness-bra-high-strength-tight-sport-top-comprehensive-with-chest-pad,,,,,,,,,,,,,,,,,,,,,,,,,,,https://cdn.shopify.com/s/files/1/0973/2607/2148/files/S9d959fab8051444c8d49ea3342ad2eafk.webp?v=1753838037,25,"",,,,,,,,,,,,,,,,,,,,,,,,,,,,,,,,,,,,,,,,,,,,,,
solid-color-gym-yoga-underwear-women-cross-back-straps-fitness-bra-high-strength-tight-sport-top-comprehensive-with-chest-pad,,,,,,,,,,,,,,,,,,,,,,,,,,,https://cdn.shopify.com/s/files/1/0973/2607/2148/files/S6e0c036d4c7d412a895fae69980d2da4v.webp?v=1753838038,26,"",,,,,,,,,,,,,,,,,,,,,,,,,,,,,,,,,,,,,,,,,,,,,,
solid-color-gym-yoga-underwear-women-cross-back-straps-fitness-bra-high-strength-tight-sport-top-comprehensive-with-chest-pad,,,,,,,,,,,,,,,,,,,,,,,,,,,https://cdn.shopify.com/s/files/1/0973/2607/2148/files/S8da02e70e35f4b31a85e56d5b8abb182T.webp?v=1753838037,27,"",,,,,,,,,,,,,,,,,,,,,,,,,,,,,,,,,,,,,,,,,,,,,,
solid-color-gym-yoga-underwear-women-cross-back-straps-fitness-bra-high-strength-tight-sport-top-comprehensive-with-chest-pad,,,,,,,,,,,,,,,,,,,,,,,,,,,https://cdn.shopify.com/s/files/1/0973/2607/2148/files/S3e9573b62bdc40a68d866ec280b2cec7i.webp?v=1753838037,28,"",,,,,,,,,,,,,,,,,,,,,,,,,,,,,,,,,,,,,,,,,,,,,,
all-in-one-sports-bra-collection-breast-high-intensity-professional-shock-proof-huddle-running-bra-yoga-fitness-bra-summer-cloth,All-in-one Sports Bra Collection Breast High-intensity Professional Shock-proof Huddle Running Bra Yoga Fitness Bra Summer Cloth,"<h1>SPECIFICATIONS</h1><p><span>Brand Name</span>: <span style=""color:#333"">SKINOFSKIN</span></p><p><span>CN</span>: <span style=""color:#333"">Zhejiang</span></p><p><span>Choice</span>: <span style=""color:#333"">yes</span></p><p><span>Craft of Weaving</span>: <span style=""color:#333"">Knit</span></p><p><span>Hign-concerned Chemical</span>: <span style=""color:#333"">None</span></p><p><span>Item No</span>: <span style=""color:#333"">WX238</span></p><p><span>Material</span>: <span style=""color:#333"">nylon</span></p><p><span>Model Number</span>: <span style=""color:#333"">WX238</span></p><p><span>Origin</span>: <span style=""color:#333"">Mainland China</span></p><p><span>Sports Type</span>: <span style=""color:#333"">Running</span></p><p><span>semi_Choice</span>: <span style=""color:#333"">yes</span></p><div class=""detailmodule_html""><div class=""detail-desc-decorate-richtext""><div>
<div style=""overflow:hidden;height:0px"">modname=ckeditor</div>
<div><div style=""overflow:hidden;width:750px;height:9608px""><div style=""overflow:hidden;width:750px;height:9608px"">
<img src=""https://ae01.alicdn.com/kf/Sc85d24ae842a44ae8dc42584937eb40ca.jpg"" slate-data-type=""image""><img style=""display:block;width:100%"" width=""100%"" src=""https://ae01.alicdn.com/kf/Sd7cbb9cd7c424350a62754b2331a2adc6.jpg"" slate-data-type=""image""><img style=""display:block;width:100%"" width=""100%"" src=""https://ae01.alicdn.com/kf/Sd94b33787b74490a969fa10968d76196U.jpg"" slate-data-type=""image""><img style=""display:block;width:100%"" width=""100%"" src=""https://ae01.alicdn.com/kf/S75e0b63ce57a4c6789ba33974d785590u.jpg"" slate-data-type=""image""><img style=""display:block;width:100%"" width=""100%"" src=""https://ae01.alicdn.com/kf/S26fc75edd0774039871962720ef6e7bdG.jpg"" slate-data-type=""image""><img style=""display:block;width:100%"" width=""100%"" src=""https://ae01.alicdn.com/kf/S42249327161142f2b81fd820ee64ddbfW.jpg"" slate-data-type=""image""><img style=""display:block;width:100%"" width=""100%"" src=""https://ae01.alicdn.com/kf/Sc1b000dbb74349f182f45380c99d5f57Z.jpg"" slate-data-type=""image""><img style=""display:block;width:100%"" width=""100%"" src=""https://ae03.alicdn.com/kf/S4b39dd9590914ba0ae93e17ae6c060e78.jpg"" slate-data-type=""image""><img style=""display:block;width:100%"" width=""100%"" src=""https://ae01.alicdn.com/kf/S36e16acbd9484521b87c476176d516f4j.jpg"" slate-data-type=""image""><img style=""display:block;width:100%"" width=""100%"" src=""https://ae01.alicdn.com/kf/S04a164d09f26484ab06c9fe3e5f8e1caF.jpg"" slate-data-type=""image""><img style=""display:block;width:100%"" width=""100%"" src=""https://ae01.alicdn.com/kf/Sebb40a56deab4ae3812cd01e6452ea858.jpg"" slate-data-type=""image""><img style=""display:block;width:100%"" width=""100%"" src=""https://ae01.alicdn.com/kf/S7c149af1627040068f3f5e7aa0a8cf3eJ.jpg"" slate-data-type=""image""><img style=""display:block;width:100%"" width=""100%"" src=""https://ae01.alicdn.com/kf/S2e3e3c6f345f4d7fac983df36c0cac70t.jpg"" slate-data-type=""image"">
</div></div></div>
</div></div></div><p><br></p>",SportsGear eHarmony Living,,"","",true,Color,CBoLv,,Size,M,,,,,14:1254#CBoLv;5:361386,100.0,dsers-fulfillment-service,deny,dsers-fulfillment-service,40.99,0.00,true,true,,https://cdn.shopify.com/s/files/1/0973/2607/2148/files/Se7bf4961c3394d56b14903f8f9175fb9j.webp?v=1753838039,1,"",false,,,,,,,,,,,,,,,,,,,,,,,,,,,,,,,,,,,,,,,,,https://cdn.shopify.com/s/files/1/0973/2607/2148/files/S037e2e60d2254a19980c997eaafba8d4u.webp?v=1753838040,kg,,13.55,active
all-in-one-sports-bra-collection-breast-high-intensity-professional-shock-proof-huddle-running-bra-yoga-fitness-bra-summer-cloth,,,,,,,,,CBoLv,,,L,,,,,14:1254#CBoLv;5:361385,100.0,dsers-fulfillment-service,deny,dsers-fulfillment-service,42.99,0.00,true,true,,https://cdn.shopify.com/s/files/1/0973/2607/2148/files/S4e0ca92b0c3c4cd39f255a4142ef1e6cB.webp?v=1753838039,2,"",,,,,,,,,,,,,,,,,,,,,,,,,,,,,,,,,,,,,,,,,,https://cdn.shopify.com/s/files/1/0973/2607/2148/files/S037e2e60d2254a19980c997eaafba8d4u.webp?v=1753838040,kg,,14.05,
all-in-one-sports-bra-collection-breast-high-intensity-professional-shock-proof-huddle-running-bra-yoga-fitness-bra-summer-cloth,,,,,,,,,CBoLv,,,XL,,,,,14:1254#CBoLv;5:100014065,100.0,dsers-fulfillment-service,deny,dsers-fulfillment-service,42.99,0.00,true,true,,https://cdn.shopify.com/s/files/1/0973/2607/2148/files/S328c2288095b4a67807d280e169096c5P.webp?v=1753838039,3,"",,,,,,,,,,,,,,,,,,,,,,,,,,,,,,,,,,,,,,,,,,https://cdn.shopify.com/s/files/1/0973/2607/2148/files/S037e2e60d2254a19980c997eaafba8d4u.webp?v=1753838040,kg,,14.27,
all-in-one-sports-bra-collection-breast-high-intensity-professional-shock-proof-huddle-running-bra-yoga-fitness-bra-summer-cloth,,,,,,,,,CYuPurple,,,S,,,,,14:12983870258#CYuPurple;5:100014064,100.0,dsers-fulfillment-service,deny,dsers-fulfillment-service,41.99,0.00,true,true,,https://cdn.shopify.com/s/files/1/0973/2607/2148/files/S7e29a537a8244898afcb69f82489d871s.webp?v=1753838040,4,"",,,,,,,,,,,,,,,,,,,,,,,,,,,,,,,,,,,,,,,,,,https://cdn.shopify.com/s/files/1/0973/2607/2148/files/Sacf0cf7adc5e443eabcbe78e9da75594G.webp?v=1753838040,kg,,13.93,
all-in-one-sports-bra-collection-breast-high-intensity-professional-shock-proof-huddle-running-bra-yoga-fitness-bra-summer-cloth,,,,,,,,,CYuPurple,,,M,,,,,14:12983870258#CYuPurple;5:361386,100.0,dsers-fulfillment-service,deny,dsers-fulfillment-service,40.99,0.00,true,true,,https://cdn.shopify.com/s/files/1/0973/2607/2148/files/Sc85d24ae842a44ae8dc42584937eb40ca.webp?v=1753838039,5,"",,,,,,,,,,,,,,,,,,,,,,,,,,,,,,,,,,,,,,,,,,https://cdn.shopify.com/s/files/1/0973/2607/2148/files/Sacf0cf7adc5e443eabcbe78e9da75594G.webp?v=1753838040,kg,,13.61,
all-in-one-sports-bra-collection-breast-high-intensity-professional-shock-proof-huddle-running-bra-yoga-fitness-bra-summer-cloth,,,,,,,,,CYuPurple,,,L,,,,,14:12983870258#CYuPurple;5:361385,100.0,dsers-fulfillment-service,deny,dsers-fulfillment-service,42.99,0.00,true,true,,https://cdn.shopify.com/s/files/1/0973/2607/2148/files/Sd7cbb9cd7c424350a62754b2331a2adc6.webp?v=1753838039,6,"",,,,,,,,,,,,,,,,,,,,,,,,,,,,,,,,,,,,,,,,,,https://cdn.shopify.com/s/files/1/0973/2607/2148/files/Sacf0cf7adc5e443eabcbe78e9da75594G.webp?v=1753838040,kg,,14.02,
all-in-one-sports-bra-collection-breast-high-intensity-professional-shock-proof-huddle-running-bra-yoga-fitness-bra-summer-cloth,,,,,,,,,lvory,,,XL,,,,,14:200203854#lvory;5:100014065,100.0,dsers-fulfillment-service,deny,dsers-fulfillment-service,34.99,0.00,true,true,,https://cdn.shopify.com/s/files/1/0973/2607/2148/files/Sd94b33787b74490a969fa10968d76196U.webp?v=1753838039,7,"",,,,,,,,,,,,,,,,,,,,,,,,,,,,,,,,,,,,,,,,,,https://cdn.shopify.com/s/files/1/0973/2607/2148/files/Sf0931edcc56644fbba9b912e44df281b2.webp?v=1753838040,kg,,11.59,
all-in-one-sports-bra-collection-breast-high-intensity-professional-shock-proof-huddle-running-bra-yoga-fitness-bra-summer-cloth,,,,,,,,,CYuPurple,,,XL,,,,,14:12983870258#CYuPurple;5:100014065,100.0,dsers-fulfillment-service,deny,dsers-fulfillment-service,42.99,0.00,true,true,,https://cdn.shopify.com/s/files/1/0973/2607/2148/files/S75e0b63ce57a4c6789ba33974d785590u.webp?v=1753838040,8,"",,,,,,,,,,,,,,,,,,,,,,,,,,,,,,,,,,,,,,,,,,https://cdn.shopify.com/s/files/1/0973/2607/2148/files/Sacf0cf7adc5e443eabcbe78e9da75594G.webp?v=1753838040,kg,,14.02,
all-in-one-sports-bra-collection-breast-high-intensity-professional-shock-proof-huddle-running-bra-yoga-fitness-bra-summer-cloth,,,,,,,,,CBlack,,,S,,,,,14:200004890#CBlack;5:100014064,100.0,dsers-fulfillment-service,deny,dsers-fulfillment-service,39.99,0.00,true,true,,https://cdn.shopify.com/s/files/1/0973/2607/2148/files/S26fc75edd0774039871962720ef6e7bdG.webp?v=1753838040,9,"",,,,,,,,,,,,,,,,,,,,,,,,,,,,,,,,,,,,,,,,,,https://cdn.shopify.com/s/files/1/0973/2607/2148/files/S0f62443856764fbea7166e5571fbe14aP.webp?v=1753838040,kg,,13.27,
all-in-one-sports-bra-collection-breast-high-intensity-professional-shock-proof-huddle-running-bra-yoga-fitness-bra-summer-cloth,,,,,,,,,CBlack,,,M,,,,,14:200004890#CBlack;5:361386,100.0,dsers-fulfillment-service,deny,dsers-fulfillment-service,40.99,0.00,true,true,,https://cdn.shopify.com/s/files/1/0973/2607/2148/files/S42249327161142f2b81fd820ee64ddbfW.webp?v=1753838039,10,"",,,,,,,,,,,,,,,,,,,,,,,,,,,,,,,,,,,,,,,,,,https://cdn.shopify.com/s/files/1/0973/2607/2148/files/S0f62443856764fbea7166e5571fbe14aP.webp?v=1753838040,kg,,13.62,
all-in-one-sports-bra-collection-breast-high-intensity-professional-shock-proof-huddle-running-bra-yoga-fitness-bra-summer-cloth,,,,,,,,,CBlack,,,L,,,,,14:200004890#CBlack;5:361385,100.0,dsers-fulfillment-service,deny,dsers-fulfillment-service,41.99,0.00,true,true,,https://cdn.shopify.com/s/files/1/0973/2607/2148/files/Sc1b000dbb74349f182f45380c99d5f57Z.webp?v=1753838040,11,"",,,,,,,,,,,,,,,,,,,,,,,,,,,,,,,,,,,,,,,,,,https://cdn.shopify.com/s/files/1/0973/2607/2148/files/S0f62443856764fbea7166e5571fbe14aP.webp?v=1753838040,kg,,13.78,
all-in-one-sports-bra-collection-breast-high-intensity-professional-shock-proof-huddle-running-bra-yoga-fitness-bra-summer-cloth,,,,,,,,,CBlack,,,XL,,,,,14:200004890#CBlack;5:100014065,100.0,dsers-fulfillment-service,deny,dsers-fulfillment-service,42.99,0.00,true,true,,https://cdn.shopify.com/s/files/1/0973/2607/2148/files/S4b39dd9590914ba0ae93e17ae6c060e78.jpg?v=1753838040,12,"",,,,,,,,,,,,,,,,,,,,,,,,,,,,,,,,,,,,,,,,,,https://cdn.shopify.com/s/files/1/0973/2607/2148/files/S0f62443856764fbea7166e5571fbe14aP.webp?v=1753838040,kg,,14.22,
all-in-one-sports-bra-collection-breast-high-intensity-professional-shock-proof-huddle-running-bra-yoga-fitness-bra-summer-cloth,,,,,,,,,BeanGreen,,,S,,,,,14:202997806#BeanGreen;5:100014064,100.0,dsers-fulfillment-service,deny,dsers-fulfillment-service,32.99,0.00,true,true,,https://cdn.shopify.com/s/files/1/0973/2607/2148/files/S36e16acbd9484521b87c476176d516f4j.webp?v=1753838040,13,"",,,,,,,,,,,,,,,,,,,,,,,,,,,,,,,,,,,,,,,,,,https://cdn.shopify.com/s/files/1/0973/2607/2148/files/Sff1be781b59443d0a3dabc7bde2e762ea.webp?v=1753838039,kg,,10.97,
all-in-one-sports-bra-collection-breast-high-intensity-professional-shock-proof-huddle-running-bra-yoga-fitness-bra-summer-cloth,,,,,,,,,BeanGreen,,,M,,,,,14:202997806#BeanGreen;5:361386,100.0,dsers-fulfillment-service,deny,dsers-fulfillment-service,33.99,0.00,true,true,,https://cdn.shopify.com/s/files/1/0973/2607/2148/files/S04a164d09f26484ab06c9fe3e5f8e1caF.webp?v=1753838040,14,"",,,,,,,,,,,,,,,,,,,,,,,,,,,,,,,,,,,,,,,,,,https://cdn.shopify.com/s/files/1/0973/2607/2148/files/Sff1be781b59443d0a3dabc7bde2e762ea.webp?v=1753838039,kg,,11.08,
all-in-one-sports-bra-collection-breast-high-intensity-professional-shock-proof-huddle-running-bra-yoga-fitness-bra-summer-cloth,,,,,,,,,BeanGreen,,,L,,,,,14:202997806#BeanGreen;5:361385,100.0,dsers-fulfillment-service,deny,dsers-fulfillment-service,34.99,0.00,true,true,,https://cdn.shopify.com/s/files/1/0973/2607/2148/files/Sebb40a56deab4ae3812cd01e6452ea858.webp?v=1753838040,15,"",,,,,,,,,,,,,,,,,,,,,,,,,,,,,,,,,,,,,,,,,,https://cdn.shopify.com/s/files/1/0973/2607/2148/files/Sff1be781b59443d0a3dabc7bde2e762ea.webp?v=1753838039,kg,,11.39,
all-in-one-sports-bra-collection-breast-high-intensity-professional-shock-proof-huddle-running-bra-yoga-fitness-bra-summer-cloth,,,,,,,,,BeanGreen,,,XL,,,,,14:202997806#BeanGreen;5:100014065,100.0,dsers-fulfillment-service,deny,dsers-fulfillment-service,34.99,0.00,true,true,,https://cdn.shopify.com/s/files/1/0973/2607/2148/files/S7c149af1627040068f3f5e7aa0a8cf3eJ.webp?v=1753838039,16,"",,,,,,,,,,,,,,,,,,,,,,,,,,,,,,,,,,,,,,,,,,https://cdn.shopify.com/s/files/1/0973/2607/2148/files/Sff1be781b59443d0a3dabc7bde2e762ea.webp?v=1753838039,kg,,11.63,
all-in-one-sports-bra-collection-breast-high-intensity-professional-shock-proof-huddle-running-bra-yoga-fitness-bra-summer-cloth,,,,,,,,,yellow,,,M,,,,,14:100011056#yellow;5:361386,100.0,dsers-fulfillment-service,deny,dsers-fulfillment-service,33.99,0.00,true,true,,https://cdn.shopify.com/s/files/1/0973/2607/2148/files/S2e3e3c6f345f4d7fac983df36c0cac70t.webp?v=1753838039,17,"",,,,,,,,,,,,,,,,,,,,,,,,,,,,,,,,,,,,,,,,,,https://cdn.shopify.com/s/files/1/0973/2607/2148/files/S3a7e9da50246400c8acf8503162047f4Z.webp?v=1753838039,kg,,11.23,
all-in-one-sports-bra-collection-breast-high-intensity-professional-shock-proof-huddle-running-bra-yoga-fitness-bra-summer-cloth,,,,,,,,,yellow,,,L,,,,,14:100011056#yellow;5:361385,100.0,dsers-fulfillment-service,deny,dsers-fulfillment-service,34.99,0.00,true,true,,https://cdn.shopify.com/s/files/1/0973/2607/2148/files/S0806580387764bf6917412d78275a2c7i.webp?v=1753838039,18,"",,,,,,,,,,,,,,,,,,,,,,,,,,,,,,,,,,,,,,,,,,https://cdn.shopify.com/s/files/1/0973/2607/2148/files/S3a7e9da50246400c8acf8503162047f4Z.webp?v=1753838039,kg,,11.40,
all-in-one-sports-bra-collection-breast-high-intensity-professional-shock-proof-huddle-running-bra-yoga-fitness-bra-summer-cloth,,,,,,,,,XunPurple,,,M,,,,,14:201739809#XunPurple;5:361386,100.0,dsers-fulfillment-service,deny,dsers-fulfillment-service,33.99,0.00,true,true,,https://cdn.shopify.com/s/files/1/0973/2607/2148/files/S037e2e60d2254a19980c997eaafba8d4u.webp?v=1753838040,19,"",,,,,,,,,,,,,,,,,,,,,,,,,,,,,,,,,,,,,,,,,,https://cdn.shopify.com/s/files/1/0973/2607/2148/files/Sff306b95497f4eca9842c9d866326ea0Q.webp?v=1753838040,kg,,11.28,
all-in-one-sports-bra-collection-breast-high-intensity-professional-shock-proof-huddle-running-bra-yoga-fitness-bra-summer-cloth,,,,,,,,,yellow,,,S,,,,,14:100011056#yellow;5:100014064,100.0,dsers-fulfillment-service,deny,dsers-fulfillment-service,32.99,0.00,true,true,,https://cdn.shopify.com/s/files/1/0973/2607/2148/files/Sacf0cf7adc5e443eabcbe78e9da75594G.webp?v=1753838040,20,"",,,,,,,,,,,,,,,,,,,,,,,,,,,,,,,,,,,,,,,,,,https://cdn.shopify.com/s/files/1/0973/2607/2148/files/S3a7e9da50246400c8acf8503162047f4Z.webp?v=1753838039,kg,,10.99,
all-in-one-sports-bra-collection-breast-high-intensity-professional-shock-proof-huddle-running-bra-yoga-fitness-bra-summer-cloth,,,,,,,,,XunPurple,,,S,,,,,14:201739809#XunPurple;5:100014064,100.0,dsers-fulfillment-service,deny,dsers-fulfillment-service,33.99,0.00,true,true,,https://cdn.shopify.com/s/files/1/0973/2607/2148/files/S0f62443856764fbea7166e5571fbe14aP.webp?v=1753838040,21,"",,,,,,,,,,,,,,,,,,,,,,,,,,,,,,,,,,,,,,,,,,https://cdn.shopify.com/s/files/1/0973/2607/2148/files/Sff306b95497f4eca9842c9d866326ea0Q.webp?v=1753838040,kg,,11.08,
all-in-one-sports-bra-collection-breast-high-intensity-professional-shock-proof-huddle-running-bra-yoga-fitness-bra-summer-cloth,,,,,,,,,XunPurple,,,XL,,,,,14:201739809#XunPurple;5:100014065,100.0,dsers-fulfillment-service,deny,dsers-fulfillment-service,35.99,0.00,true,true,,https://cdn.shopify.com/s/files/1/0973/2607/2148/files/Sff1be781b59443d0a3dabc7bde2e762ea.webp?v=1753838039,22,"",,,,,,,,,,,,,,,,,,,,,,,,,,,,,,,,,,,,,,,,,,https://cdn.shopify.com/s/files/1/0973/2607/2148/files/Sff306b95497f4eca9842c9d866326ea0Q.webp?v=1753838040,kg,,11.71,
all-in-one-sports-bra-collection-breast-high-intensity-professional-shock-proof-huddle-running-bra-yoga-fitness-bra-summer-cloth,,,,,,,,,XunPurple,,,L,,,,,14:201739809#XunPurple;5:361385,100.0,dsers-fulfillment-service,deny,dsers-fulfillment-service,34.99,0.00,true,true,,https://cdn.shopify.com/s/files/1/0973/2607/2148/files/S5d9c2ce1813142659cebfdc07d0c4194b.webp?v=1753838039,23,"",,,,,,,,,,,,,,,,,,,,,,,,,,,,,,,,,,,,,,,,,,https://cdn.shopify.com/s/files/1/0973/2607/2148/files/Sff306b95497f4eca9842c9d866326ea0Q.webp?v=1753838040,kg,,11.52,
all-in-one-sports-bra-collection-breast-high-intensity-professional-shock-proof-huddle-running-bra-yoga-fitness-bra-summer-cloth,,,,,,,,,ShaPurple,,,M,,,,,14:100015911#ShaPurple;5:361386,100.0,dsers-fulfillment-service,deny,dsers-fulfillment-service,33.99,0.00,true,true,,https://cdn.shopify.com/s/files/1/0973/2607/2148/files/S9ce955363ecd432a999883d642ad8d9bD.webp?v=1753838040,24,"",,,,,,,,,,,,,,,,,,,,,,,,,,,,,,,,,,,,,,,,,,https://cdn.shopify.com/s/files/1/0973/2607/2148/files/S4b39dd9590914ba0ae93e17ae6c060e78.webp?v=1753838040,kg,,11.08,
all-in-one-sports-bra-collection-breast-high-intensity-professional-shock-proof-huddle-running-bra-yoga-fitness-bra-summer-cloth,,,,,,,,,ShaPurple,,,L,,,,,14:100015911#ShaPurple;5:361385,100.0,dsers-fulfillment-service,deny,dsers-fulfillment-service,34.99,0.00,true,true,,https://cdn.shopify.com/s/files/1/0973/2607/2148/files/Sf0931edcc56644fbba9b912e44df281b2.webp?v=1753838040,25,"",,,,,,,,,,,,,,,,,,,,,,,,,,,,,,,,,,,,,,,,,,https://cdn.shopify.com/s/files/1/0973/2607/2148/files/S4b39dd9590914ba0ae93e17ae6c060e78.webp?v=1753838040,kg,,11.43,
all-in-one-sports-bra-collection-breast-high-intensity-professional-shock-proof-huddle-running-bra-yoga-fitness-bra-summer-cloth,,,,,,,,,green,,,XL,,,,,14:100012855#green;5:100014065,100.0,dsers-fulfillment-service,deny,dsers-fulfillment-service,35.99,0.00,true,true,,https://cdn.shopify.com/s/files/1/0973/2607/2148/files/S3a7e9da50246400c8acf8503162047f4Z.webp?v=1753838039,26,"",,,,,,,,,,,,,,,,,,,,,,,,,,,,,,,,,,,,,,,,,,https://cdn.shopify.com/s/files/1/0973/2607/2148/files/S5d9c2ce1813142659cebfdc07d0c4194b.webp?v=1753838039,kg,,11.72,
all-in-one-sports-bra-collection-breast-high-intensity-professional-shock-proof-huddle-running-bra-yoga-fitness-bra-summer-cloth,,,,,,,,,ShaPurple,,,S,,,,,14:100015911#ShaPurple;5:100014064,100.0,dsers-fulfillment-service,deny,dsers-fulfillment-service,33.99,0.00,true,true,,https://cdn.shopify.com/s/files/1/0973/2607/2148/files/Sff306b95497f4eca9842c9d866326ea0Q.webp?v=1753838040,27,"",,,,,,,,,,,,,,,,,,,,,,,,,,,,,,,,,,,,,,,,,,https://cdn.shopify.com/s/files/1/0973/2607/2148/files/S4b39dd9590914ba0ae93e17ae6c060e78.webp?v=1753838040,kg,,11.05,
all-in-one-sports-bra-collection-breast-high-intensity-professional-shock-proof-huddle-running-bra-yoga-fitness-bra-summer-cloth,,,,,,,,,NiuGreen,,,S,,,,,14:579744582#NiuGreen;5:100014064,100.0,dsers-fulfillment-service,deny,dsers-fulfillment-service,32.99,0.00,true,true,,https://cdn.shopify.com/s/files/1/0973/2607/2148/files/S4b39dd9590914ba0ae93e17ae6c060e78.webp?v=1753838040,28,"",,,,,,,,,,,,,,,,,,,,,,,,,,,,,,,,,,,,,,,,,,https://cdn.shopify.com/s/files/1/0973/2607/2148/files/S9ce955363ecd432a999883d642ad8d9bD.webp?v=1753838040,kg,,10.94,
all-in-one-sports-bra-collection-breast-high-intensity-professional-shock-proof-huddle-running-bra-yoga-fitness-bra-summer-cloth,,,,,,,,,green,,,M,,,,,14:100012855#green;5:361386,100.0,dsers-fulfillment-service,deny,dsers-fulfillment-service,33.99,0.00,true,true,,https://cdn.shopify.com/s/files/1/0973/2607/2148/files/Se131ebf35ea149cb8ad153bf5d8591075.webp?v=1753838040,29,"",,,,,,,,,,,,,,,,,,,,,,,,,,,,,,,,,,,,,,,,,,https://cdn.shopify.com/s/files/1/0973/2607/2148/files/S5d9c2ce1813142659cebfdc07d0c4194b.webp?v=1753838039,kg,,11.06,
all-in-one-sports-bra-collection-breast-high-intensity-professional-shock-proof-huddle-running-bra-yoga-fitness-bra-summer-cloth,,,,,,,,,NiuGreen,,,M,,,,,14:579744582#NiuGreen;5:361386,100.0,dsers-fulfillment-service,deny,dsers-fulfillment-service,33.99,0.00,true,true,,https://cdn.shopify.com/s/files/1/0973/2607/2148/files/Se9b62b6c045d4632b6b9f5bd76a7a933x.webp?v=1753838039,30,"",,,,,,,,,,,,,,,,,,,,,,,,,,,,,,,,,,,,,,,,,,https://cdn.shopify.com/s/files/1/0973/2607/2148/files/S9ce955363ecd432a999883d642ad8d9bD.webp?v=1753838040,kg,,11.16,
all-in-one-sports-bra-collection-breast-high-intensity-professional-shock-proof-huddle-running-bra-yoga-fitness-bra-summer-cloth,,,,,,,,,green,,,L,,,,,14:100012855#green;5:361385,100.0,dsers-fulfillment-service,deny,dsers-fulfillment-service,34.99,0.00,true,true,,,,,,,,,,,,,,,,,,,,,,,,,,,,,,,,,,,,,,,,,,,,,,https://cdn.shopify.com/s/files/1/0973/2607/2148/files/S5d9c2ce1813142659cebfdc07d0c4194b.webp?v=1753838039,kg,,11.45,
all-in-one-sports-bra-collection-breast-high-intensity-professional-shock-proof-huddle-running-bra-yoga-fitness-bra-summer-cloth,,,,,,,,,NiuGreen,,,L,,,,,14:579744582#NiuGreen;5:361385,100.0,dsers-fulfillment-service,deny,dsers-fulfillment-service,34.99,0.00,true,true,,,,,,,,,,,,,,,,,,,,,,,,,,,,,,,,,,,,,,,,,,,,,,https://cdn.shopify.com/s/files/1/0973/2607/2148/files/S9ce955363ecd432a999883d642ad8d9bD.webp?v=1753838040,kg,,11.40,
all-in-one-sports-bra-collection-breast-high-intensity-professional-shock-proof-huddle-running-bra-yoga-fitness-bra-summer-cloth,,,,,,,,,yellow,,,XL,,,,,14:100011056#yellow;5:100014065,100.0,dsers-fulfillment-service,deny,dsers-fulfillment-service,34.99,0.00,true,true,,,,,,,,,,,,,,,,,,,,,,,,,,,,,,,,,,,,,,,,,,,,,,https://cdn.shopify.com/s/files/1/0973/2607/2148/files/S3a7e9da50246400c8acf8503162047f4Z.webp?v=1753838039,kg,,11.59,
all-in-one-sports-bra-collection-breast-high-intensity-professional-shock-proof-huddle-running-bra-yoga-fitness-bra-summer-cloth,,,,,,,,,NiuGreen,,,XL,,,,,14:579744582#NiuGreen;5:100014065,100.0,dsers-fulfillment-service,deny,dsers-fulfillment-service,35.99,0.00,true,true,,,,,,,,,,,,,,,,,,,,,,,,,,,,,,,,,,,,,,,,,,,,,,https://cdn.shopify.com/s/files/1/0973/2607/2148/files/S9ce955363ecd432a999883d642ad8d9bD.webp?v=1753838040,kg,,11.72,
all-in-one-sports-bra-collection-breast-high-intensity-professional-shock-proof-huddle-running-bra-yoga-fitness-bra-summer-cloth,,,,,,,,,green,,,S,,,,,14:100012855#green;5:100014064,100.0,dsers-fulfillment-service,deny,dsers-fulfillment-service,33.99,0.00,true,true,,,,,,,,,,,,,,,,,,,,,,,,,,,,,,,,,,,,,,,,,,,,,,https://cdn.shopify.com/s/files/1/0973/2607/2148/files/S5d9c2ce1813142659cebfdc07d0c4194b.webp?v=1753838039,kg,,11.03,
all-in-one-sports-bra-collection-breast-high-intensity-professional-shock-proof-huddle-running-bra-yoga-fitness-bra-summer-cloth,,,,,,,,,ZiGrey,,,S,,,,,14:9734404939#ZiGrey;5:100014064,100.0,dsers-fulfillment-service,deny,dsers-fulfillment-service,33.99,0.00,true,true,,,,,,,,,,,,,,,,,,,,,,,,,,,,,,,,,,,,,,,,,,,,,,https://cdn.shopify.com/s/files/1/0973/2607/2148/files/Se131ebf35ea149cb8ad153bf5d8591075.webp?v=1753838040,kg,,11.06,
all-in-one-sports-bra-collection-breast-high-intensity-professional-shock-proof-huddle-running-bra-yoga-fitness-bra-summer-cloth,,,,,,,,,lvory,,,M,,,,,14:200203854#lvory;5:361386,100.0,dsers-fulfillment-service,deny,dsers-fulfillment-service,34.99,0.00,true,true,,,,,,,,,,,,,,,,,,,,,,,,,,,,,,,,,,,,,,,,,,,,,,https://cdn.shopify.com/s/files/1/0973/2607/2148/files/Sf0931edcc56644fbba9b912e44df281b2.webp?v=1753838040,kg,,11.36,
all-in-one-sports-bra-collection-breast-high-intensity-professional-shock-proof-huddle-running-bra-yoga-fitness-bra-summer-cloth,,,,,,,,,ZiGrey,,,M,,,,,14:9734404939#ZiGrey;5:361386,100.0,dsers-fulfillment-service,deny,dsers-fulfillment-service,33.99,0.00,true,true,,,,,,,,,,,,,,,,,,,,,,,,,,,,,,,,,,,,,,,,,,,,,,https://cdn.shopify.com/s/files/1/0973/2607/2148/files/Se131ebf35ea149cb8ad153bf5d8591075.webp?v=1753838040,kg,,11.25,
all-in-one-sports-bra-collection-breast-high-intensity-professional-shock-proof-huddle-running-bra-yoga-fitness-bra-summer-cloth,,,,,,,,,lvory,,,L,,,,,14:200203854#lvory;5:361385,100.0,dsers-fulfillment-service,deny,dsers-fulfillment-service,34.99,0.00,true,true,,,,,,,,,,,,,,,,,,,,,,,,,,,,,,,,,,,,,,,,,,,,,,https://cdn.shopify.com/s/files/1/0973/2607/2148/files/Sf0931edcc56644fbba9b912e44df281b2.webp?v=1753838040,kg,,11.63,
all-in-one-sports-bra-collection-breast-high-intensity-professional-shock-proof-huddle-running-bra-yoga-fitness-bra-summer-cloth,,,,,,,,,ZiGrey,,,L,,,,,14:9734404939#ZiGrey;5:361385,100.0,dsers-fulfillment-service,deny,dsers-fulfillment-service,34.99,0.00,true,true,,,,,,,,,,,,,,,,,,,,,,,,,,,,,,,,,,,,,,,,,,,,,,https://cdn.shopify.com/s/files/1/0973/2607/2148/files/Se131ebf35ea149cb8ad153bf5d8591075.webp?v=1753838040,kg,,11.49,
all-in-one-sports-bra-collection-breast-high-intensity-professional-shock-proof-huddle-running-bra-yoga-fitness-bra-summer-cloth,,,,,,,,,black,,,XL,,,,,14:200004891#black;5:100014065,100.0,dsers-fulfillment-service,deny,dsers-fulfillment-service,34.99,0.00,true,true,,,,,,,,,,,,,,,,,,,,,,,,,,,,,,,,,,,,,,,,,,,,,,https://cdn.shopify.com/s/files/1/0973/2607/2148/files/Se9b62b6c045d4632b6b9f5bd76a7a933x.webp?v=1753838039,kg,,11.63,
all-in-one-sports-bra-collection-breast-high-intensity-professional-shock-proof-huddle-running-bra-yoga-fitness-bra-summer-cloth,,,,,,,,,ZiGrey,,,XL,,,,,14:9734404939#ZiGrey;5:100014065,100.0,dsers-fulfillment-service,deny,dsers-fulfillment-service,35.99,0.00,true,true,,,,,,,,,,,,,,,,,,,,,,,,,,,,,,,,,,,,,,,,,,,,,,https://cdn.shopify.com/s/files/1/0973/2607/2148/files/Se131ebf35ea149cb8ad153bf5d8591075.webp?v=1753838040,kg,,11.71,
all-in-one-sports-bra-collection-breast-high-intensity-professional-shock-proof-huddle-running-bra-yoga-fitness-bra-summer-cloth,,,,,,,,,lvory,,,S,,,,,14:200203854#lvory;5:100014064,100.0,dsers-fulfillment-service,deny,dsers-fulfillment-service,32.99,0.00,true,true,,,,,,,,,,,,,,,,,,,,,,,,,,,,,,,,,,,,,,,,,,,,,,https://cdn.shopify.com/s/files/1/0973/2607/2148/files/Sf0931edcc56644fbba9b912e44df281b2.webp?v=1753838040,kg,,10.85,
all-in-one-sports-bra-collection-breast-high-intensity-professional-shock-proof-huddle-running-bra-yoga-fitness-bra-summer-cloth,,,,,,,,,CBeige,,,S,,,,,14:11859821966#CBeige;5:100014064,100.0,dsers-fulfillment-service,deny,dsers-fulfillment-service,40.99,0.00,true,true,,,,,,,,,,,,,,,,,,,,,,,,,,,,,,,,,,,,,,,,,,,,,,https://cdn.shopify.com/s/files/1/0973/2607/2148/files/S0806580387764bf6917412d78275a2c7i.webp?v=1753838039,kg,,13.35,
all-in-one-sports-bra-collection-breast-high-intensity-professional-shock-proof-huddle-running-bra-yoga-fitness-bra-summer-cloth,,,,,,,,,black,,,M,,,,,14:200004891#black;5:361386,100.0,dsers-fulfillment-service,deny,dsers-fulfillment-service,33.99,0.00,true,true,,,,,,,,,,,,,,,,,,,,,,,,,,,,,,,,,,,,,,,,,,,,,,https://cdn.shopify.com/s/files/1/0973/2607/2148/files/Se9b62b6c045d4632b6b9f5bd76a7a933x.webp?v=1753838039,kg,,11.08,
all-in-one-sports-bra-collection-breast-high-intensity-professional-shock-proof-huddle-running-bra-yoga-fitness-bra-summer-cloth,,,,,,,,,CBeige,,,M,,,,,14:11859821966#CBeige;5:361386,100.0,dsers-fulfillment-service,deny,dsers-fulfillment-service,41.99,0.00,true,true,,,,,,,,,,,,,,,,,,,,,,,,,,,,,,,,,,,,,,,,,,,,,,https://cdn.shopify.com/s/files/1/0973/2607/2148/files/S0806580387764bf6917412d78275a2c7i.webp?v=1753838039,kg,,13.93,
all-in-one-sports-bra-collection-breast-high-intensity-professional-shock-proof-huddle-running-bra-yoga-fitness-bra-summer-cloth,,,,,,,,,black,,,L,,,,,14:200004891#black;5:361385,100.0,dsers-fulfillment-service,deny,dsers-fulfillment-service,34.99,0.00,true,true,,,,,,,,,,,,,,,,,,,,,,,,,,,,,,,,,,,,,,,,,,,,,,https://cdn.shopify.com/s/files/1/0973/2607/2148/files/Se9b62b6c045d4632b6b9f5bd76a7a933x.webp?v=1753838039,kg,,11.62,
all-in-one-sports-bra-collection-breast-high-intensity-professional-shock-proof-huddle-running-bra-yoga-fitness-bra-summer-cloth,,,,,,,,,CBeige,,,L,,,,,14:11859821966#CBeige;5:361385,100.0,dsers-fulfillment-service,deny,dsers-fulfillment-service,42.99,0.00,true,true,,,,,,,,,,,,,,,,,,,,,,,,,,,,,,,,,,,,,,,,,,,,,,https://cdn.shopify.com/s/files/1/0973/2607/2148/files/S0806580387764bf6917412d78275a2c7i.webp?v=1753838039,kg,,14.01,
all-in-one-sports-bra-collection-breast-high-intensity-professional-shock-proof-huddle-running-bra-yoga-fitness-bra-summer-cloth,,,,,,,,,ShaPurple,,,XL,,,,,14:100015911#ShaPurple;5:100014065,100.0,dsers-fulfillment-service,deny,dsers-fulfillment-service,34.99,0.00,true,true,,,,,,,,,,,,,,,,,,,,,,,,,,,,,,,,,,,,,,,,,,,,,,https://cdn.shopify.com/s/files/1/0973/2607/2148/files/S4b39dd9590914ba0ae93e17ae6c060e78.webp?v=1753838040,kg,,11.62,
all-in-one-sports-bra-collection-breast-high-intensity-professional-shock-proof-huddle-running-bra-yoga-fitness-bra-summer-cloth,,,,,,,,,CBeige,,,XL,,,,,14:11859821966#CBeige;5:100014065,100.0,dsers-fulfillment-service,deny,dsers-fulfillment-service,42.99,0.00,true,true,,,,,,,,,,,,,,,,,,,,,,,,,,,,,,,,,,,,,,,,,,,,,,https://cdn.shopify.com/s/files/1/0973/2607/2148/files/S0806580387764bf6917412d78275a2c7i.webp?v=1753838039,kg,,14.27,
all-in-one-sports-bra-collection-breast-high-intensity-professional-shock-proof-huddle-running-bra-yoga-fitness-bra-summer-cloth,,,,,,,,,black,,,S,,,,,14:200004891#black;5:100014064,100.0,dsers-fulfillment-service,deny,dsers-fulfillment-service,33.99,0.00,true,true,,,,,,,,,,,,,,,,,,,,,,,,,,,,,,,,,,,,,,,,,,,,,,https://cdn.shopify.com/s/files/1/0973/2607/2148/files/Se9b62b6c045d4632b6b9f5bd76a7a933x.webp?v=1753838039,kg,,11.13,
all-in-one-sports-bra-collection-breast-high-intensity-professional-shock-proof-huddle-running-bra-yoga-fitness-bra-summer-cloth,,,,,,,,,CBoLv,,,S,,,,,14:1254#CBoLv;5:100014064,100.0,dsers-fulfillment-service,deny,dsers-fulfillment-service,40.99,0.00,true,true,,,,,,,,,,,,,,,,,,,,,,,,,,,,,,,,,,,,,,,,,,,,,,https://cdn.shopify.com/s/files/1/0973/2607/2148/files/S037e2e60d2254a19980c997eaafba8d4u.webp?v=1753838040,kg,,13.41,
women-shockproof-sport-bra-womens-beautiful-back-gym-sports-underwear-women-oblique-shoulder-straps-running-fitness-yoga-bra,Women Shockproof Sport Bra Women's Beautiful Back Gym Sports Underwear Women Oblique Shoulder Straps Running Fitness Yoga Bra ,"<h1>SPECIFICATIONS</h1><p><span>Brand Name</span>: <span style=""color:#333"">SDFHSFH</span></p><p><span>CN</span>: <span style=""color:#333"">Zhejiang</span></p><p><span>Choice</span>: <span style=""color:#333"">yes</span></p><p><span>Closure Type</span>: <span style=""color:#333"">none</span></p><p><span>Craft of Weaving</span>: <span style=""color:#333"">Knit</span></p><p><span>Department Name</span>: <span style=""color:#333"">Women</span></p><p><span>Feature</span>: <span style=""color:#333"">Breathable</span></p><p><span>Hign-concerned Chemical</span>: <span style=""color:#333"">None</span></p><p><span>Material</span>: <span style=""color:#333"">nylon,spandex</span></p><p><span>Model Number</span>: <span style=""color:#333"">Sport Bra</span></p><p><span>Origin</span>: <span style=""color:#333"">Mainland China</span></p><p><span>Sports Type</span>: <span style=""color:#333"">Fitness</span></p><div class=""detailmodule_image"">
<img class=""detail-desc-decorate-image"" src=""https://ae01.alicdn.com/kf/Sdc03f277183a4cbdb045d08b5d2184e6g.jpg"" slate-data-type=""image""><img class=""detail-desc-decorate-image"" src=""https://ae01.alicdn.com/kf/S3736909147a04ee5bf4a930aa424d57cK.jpg"" slate-data-type=""image""><img class=""detail-desc-decorate-image"" src=""https://ae01.alicdn.com/kf/S44036394c56b46f4b68ba9888a6f4b78w.jpg"" slate-data-type=""image""><img class=""detail-desc-decorate-image"" src=""https://ae01.alicdn.com/kf/Se2987a4948f44ce1bef04f9a7944c26fL.jpg"" slate-data-type=""image"">
</div><div class=""detailmodule_image"">
<img class=""detail-desc-decorate-image"" src=""https://ae01.alicdn.com/kf/Sa24172ed3cee4d9f8ce8f2af5a1db95aI.jpg"" slate-data-type=""image""><img class=""detail-desc-decorate-image"" src=""https://ae01.alicdn.com/kf/S851e548be42e4aaea1ed3fce3cf7b8b9J.jpg"" slate-data-type=""image""><img class=""detail-desc-decorate-image"" src=""https://ae01.alicdn.com/kf/S0d01c95d23414f27aa2f4a08cdbfbdceE.jpg"" slate-data-type=""image""><img class=""detail-desc-decorate-image"" src=""https://ae01.alicdn.com/kf/S5b48b0eeeb6f474cadac0e627851af20X.jpg"" slate-data-type=""image""><img class=""detail-desc-decorate-image"" src=""https://ae01.alicdn.com/kf/Sd233cd5226464867ba4d9b2e1a6381f1K.jpg"" slate-data-type=""image"">
</div><div class=""detailmodule_image"">
<img style=""margin-bottom:10px"" class=""detail-desc-decorate-image"" src=""https://ae01.alicdn.com/kf/Sd5fdf329f6ca41469cb724d7c965eba9i.jpg"" slate-data-type=""image""><img style=""margin-bottom:10px"" class=""detail-desc-decorate-image"" src=""https://ae01.alicdn.com/kf/S50750d272f2d4aad984696a655ba06ebo.jpg"" slate-data-type=""image""><img style=""margin-bottom:10px"" class=""detail-desc-decorate-image"" src=""https://ae01.alicdn.com/kf/S0e5df1a5f7ed4988b9bc98346c5e86e8V.jpg"" slate-data-type=""image""><img style=""margin-bottom:10px"" class=""detail-desc-decorate-image"" src=""https://ae01.alicdn.com/kf/Sb424f6fc05d746e58b4c83e02bf8ab99c.jpg"" slate-data-type=""image""><img style=""margin-bottom:10px"" class=""detail-desc-decorate-image"" src=""https://ae01.alicdn.com/kf/Sb7121d1d765d41f8a95639d204c71ba8N.jpg"" slate-data-type=""image""><img style=""margin-bottom:10px"" class=""detail-desc-decorate-image"" src=""https://ae01.alicdn.com/kf/S9157d606e26e4e2582ae62b14dc5ac19o.jpg"" slate-data-type=""image""><img style=""margin-bottom:10px"" class=""detail-desc-decorate-image"" src=""https://ae01.alicdn.com/kf/Sce91448ce415453cbd47efd11c8f62e5k.jpg"" slate-data-type=""image""><img style=""margin-bottom:10px"" class=""detail-desc-decorate-image"" src=""https://ae01.alicdn.com/kf/Se9c99a373e3542fdaef2704cf464c34aH.jpg"" slate-data-type=""image"">
</div><br>",SportsGear eHarmony Living,,"","",true,Color,Yellow green,,Size,M,,Ships From,CHINA,,14:579744582#Yellow green;200007763:201336100;5:361386,117.0,dsers-fulfillment-service,deny,dsers-fulfillment-service,40.99,0.00,true,true,,https://cdn.shopify.com/s/files/1/0973/2607/2148/files/Sfb97ccac9a984a359c870398103af1d6o.webp?v=1753838038,1,"",false,,,,,,,,,,,,,,,,,,,,,,,,,,,,,,,,,,,,,,,,,https://cdn.shopify.com/s/files/1/0973/2607/2148/files/Sce91448ce415453cbd47efd11c8f62e5k.webp?v=1753838039,kg,,13.64,active
women-shockproof-sport-bra-womens-beautiful-back-gym-sports-underwear-women-oblique-shoulder-straps-running-fitness-yoga-bra,,,,,,,,,Yellow green,,,S,,,CHINA,,14:579744582#Yellow green;200007763:201336100;5:100014064,117.0,dsers-fulfillment-service,deny,dsers-fulfillment-service,40.99,0.00,true,true,,https://cdn.shopify.com/s/files/1/0973/2607/2148/files/S3736909147a04ee5bf4a930aa424d57cK.webp?v=1753838039,2,"",,,,,,,,,,,,,,,,,,,,,,,,,,,,,,,,,,,,,,,,,,https://cdn.shopify.com/s/files/1/0973/2607/2148/files/Sce91448ce415453cbd47efd11c8f62e5k.webp?v=1753838039,kg,,13.56,
women-shockproof-sport-bra-womens-beautiful-back-gym-sports-underwear-women-oblique-shoulder-straps-running-fitness-yoga-bra,,,,,,,,,Yellow green,,,XL,,,CHINA,,14:579744582#Yellow green;200007763:201336100;5:100014065,117.0,dsers-fulfillment-service,deny,dsers-fulfillment-service,42.99,0.00,true,true,,https://cdn.shopify.com/s/files/1/0973/2607/2148/files/S4e80c3a4c25e49279f49668eb0f88ad9U.webp?v=1753838039,3,"",,,,,,,,,,,,,,,,,,,,,,,,,,,,,,,,,,,,,,,,,,https://cdn.shopify.com/s/files/1/0973/2607/2148/files/Sce91448ce415453cbd47efd11c8f62e5k.webp?v=1753838039,kg,,14.11,
women-shockproof-sport-bra-womens-beautiful-back-gym-sports-underwear-women-oblique-shoulder-straps-running-fitness-yoga-bra,,,,,,,,,Yellow green,,,L,,,CHINA,,14:579744582#Yellow green;200007763:201336100;5:361385,117.0,dsers-fulfillment-service,deny,dsers-fulfillment-service,41.99,0.00,true,true,,https://cdn.shopify.com/s/files/1/0973/2607/2148/files/S353b4909ecd34cecb26edb7f41d6c3c0o.webp?v=1753838039,4,"",,,,,,,,,,,,,,,,,,,,,,,,,,,,,,,,,,,,,,,,,,https://cdn.shopify.com/s/files/1/0973/2607/2148/files/Sce91448ce415453cbd47efd11c8f62e5k.webp?v=1753838039,kg,,13.95,
women-shockproof-sport-bra-womens-beautiful-back-gym-sports-underwear-women-oblique-shoulder-straps-running-fitness-yoga-bra,,,,,,,,,Navy blue,,,XL,,,CHINA,,14:202997806#Navy blue;200007763:201336100;5:100014065,117.0,dsers-fulfillment-service,deny,dsers-fulfillment-service,42.99,0.00,true,true,,https://cdn.shopify.com/s/files/1/0973/2607/2148/files/Sdc03f277183a4cbdb045d08b5d2184e6g.webp?v=1753838039,5,"",,,,,,,,,,,,,,,,,,,,,,,,,,,,,,,,,,,,,,,,,,https://cdn.shopify.com/s/files/1/0973/2607/2148/files/Sb7121d1d765d41f8a95639d204c71ba8N.webp?v=1753838040,kg,,14.19,
women-shockproof-sport-bra-womens-beautiful-back-gym-sports-underwear-women-oblique-shoulder-straps-running-fitness-yoga-bra,,,,,,,,,Navy blue,,,L,,,CHINA,,14:202997806#Navy blue;200007763:201336100;5:361385,117.0,dsers-fulfillment-service,deny,dsers-fulfillment-service,41.99,0.00,true,true,,https://cdn.shopify.com/s/files/1/0973/2607/2148/files/S44036394c56b46f4b68ba9888a6f4b78w.webp?v=1753838037,6,"",,,,,,,,,,,,,,,,,,,,,,,,,,,,,,,,,,,,,,,,,,https://cdn.shopify.com/s/files/1/0973/2607/2148/files/Sb7121d1d765d41f8a95639d204c71ba8N.webp?v=1753838040,kg,,13.99,
women-shockproof-sport-bra-womens-beautiful-back-gym-sports-underwear-women-oblique-shoulder-straps-running-fitness-yoga-bra,,,,,,,,,Black,,,XL,,,CHINA,,14:100012855#Black;200007763:201336100;5:100014065,117.0,dsers-fulfillment-service,deny,dsers-fulfillment-service,42.99,0.00,true,true,,https://cdn.shopify.com/s/files/1/0973/2607/2148/files/Se2987a4948f44ce1bef04f9a7944c26fL.webp?v=1753838037,7,"",,,,,,,,,,,,,,,,,,,,,,,,,,,,,,,,,,,,,,,,,,https://cdn.shopify.com/s/files/1/0973/2607/2148/files/S9157d606e26e4e2582ae62b14dc5ac19o.webp?v=1753838039,kg,,14.22,
women-shockproof-sport-bra-womens-beautiful-back-gym-sports-underwear-women-oblique-shoulder-straps-running-fitness-yoga-bra,,,,,,,,,Black,,,L,,,CHINA,,14:100012855#Black;200007763:201336100;5:361385,117.0,dsers-fulfillment-service,deny,dsers-fulfillment-service,41.99,0.00,true,true,,https://cdn.shopify.com/s/files/1/0973/2607/2148/files/Sa24172ed3cee4d9f8ce8f2af5a1db95aI.webp?v=1753838037,8,"",,,,,,,,,,,,,,,,,,,,,,,,,,,,,,,,,,,,,,,,,,https://cdn.shopify.com/s/files/1/0973/2607/2148/files/S9157d606e26e4e2582ae62b14dc5ac19o.webp?v=1753838039,kg,,13.99,
women-shockproof-sport-bra-womens-beautiful-back-gym-sports-underwear-women-oblique-shoulder-straps-running-fitness-yoga-bra,,,,,,,,,Electric blue,,,M,,,CHINA,,14:100015911#Electric blue;200007763:201336100;5:361386,117.0,dsers-fulfillment-service,deny,dsers-fulfillment-service,38.99,0.00,true,true,,https://cdn.shopify.com/s/files/1/0973/2607/2148/files/S851e548be42e4aaea1ed3fce3cf7b8b9J.webp?v=1753838039,9,"",,,,,,,,,,,,,,,,,,,,,,,,,,,,,,,,,,,,,,,,,,https://cdn.shopify.com/s/files/1/0973/2607/2148/files/Sb424f6fc05d746e58b4c83e02bf8ab99c.webp?v=1753838040,kg,,12.69,
women-shockproof-sport-bra-womens-beautiful-back-gym-sports-underwear-women-oblique-shoulder-straps-running-fitness-yoga-bra,,,,,,,,,Electric blue,,,S,,,CHINA,,14:100015911#Electric blue;200007763:201336100;5:100014064,117.0,dsers-fulfillment-service,deny,dsers-fulfillment-service,37.99,0.00,true,true,,https://cdn.shopify.com/s/files/1/0973/2607/2148/files/S0d01c95d23414f27aa2f4a08cdbfbdceE.webp?v=1753838038,10,"",,,,,,,,,,,,,,,,,,,,,,,,,,,,,,,,,,,,,,,,,,https://cdn.shopify.com/s/files/1/0973/2607/2148/files/Sb424f6fc05d746e58b4c83e02bf8ab99c.webp?v=1753838040,kg,,12.46,
women-shockproof-sport-bra-womens-beautiful-back-gym-sports-underwear-women-oblique-shoulder-straps-running-fitness-yoga-bra,,,,,,,,,Graphite gray,,,M,,,CHINA,,14:201739809#Graphite gray;200007763:201336100;5:361386,117.0,dsers-fulfillment-service,deny,dsers-fulfillment-service,41.99,0.00,true,true,,https://cdn.shopify.com/s/files/1/0973/2607/2148/files/S5b48b0eeeb6f474cadac0e627851af20X.webp?v=1753838038,11,"",,,,,,,,,,,,,,,,,,,,,,,,,,,,,,,,,,,,,,,,,,https://cdn.shopify.com/s/files/1/0973/2607/2148/files/Se9c99a373e3542fdaef2704cf464c34aH.webp?v=1753838039,kg,,13.73,
women-shockproof-sport-bra-womens-beautiful-back-gym-sports-underwear-women-oblique-shoulder-straps-running-fitness-yoga-bra,,,,,,,,,Graphite gray,,,S,,,CHINA,,14:201739809#Graphite gray;200007763:201336100;5:100014064,117.0,dsers-fulfillment-service,deny,dsers-fulfillment-service,40.99,0.00,true,true,,https://cdn.shopify.com/s/files/1/0973/2607/2148/files/Sd233cd5226464867ba4d9b2e1a6381f1K.webp?v=1753838039,12,"",,,,,,,,,,,,,,,,,,,,,,,,,,,,,,,,,,,,,,,,,,https://cdn.shopify.com/s/files/1/0973/2607/2148/files/Se9c99a373e3542fdaef2704cf464c34aH.webp?v=1753838039,kg,,13.53,
women-shockproof-sport-bra-womens-beautiful-back-gym-sports-underwear-women-oblique-shoulder-straps-running-fitness-yoga-bra,,,,,,,,,Graphite gray,,,XL,,,CHINA,,14:201739809#Graphite gray;200007763:201336100;5:100014065,117.0,dsers-fulfillment-service,deny,dsers-fulfillment-service,42.99,0.00,true,true,,https://cdn.shopify.com/s/files/1/0973/2607/2148/files/Sce91448ce415453cbd47efd11c8f62e5k.webp?v=1753838039,13,"",,,,,,,,,,,,,,,,,,,,,,,,,,,,,,,,,,,,,,,,,,https://cdn.shopify.com/s/files/1/0973/2607/2148/files/Se9c99a373e3542fdaef2704cf464c34aH.webp?v=1753838039,kg,,14.30,
women-shockproof-sport-bra-womens-beautiful-back-gym-sports-underwear-women-oblique-shoulder-straps-running-fitness-yoga-bra,,,,,,,,,Graphite gray,,,L,,,CHINA,,14:201739809#Graphite gray;200007763:201336100;5:361385,117.0,dsers-fulfillment-service,deny,dsers-fulfillment-service,41.99,0.00,true,true,,https://cdn.shopify.com/s/files/1/0973/2607/2148/files/Sb424f6fc05d746e58b4c83e02bf8ab99c.webp?v=1753838040,14,"",,,,,,,,,,,,,,,,,,,,,,,,,,,,,,,,,,,,,,,,,,https://cdn.shopify.com/s/files/1/0973/2607/2148/files/Se9c99a373e3542fdaef2704cf464c34aH.webp?v=1753838039,kg,,13.99,
women-shockproof-sport-bra-womens-beautiful-back-gym-sports-underwear-women-oblique-shoulder-straps-running-fitness-yoga-bra,,,,,,,,,Black,,,M,,,CHINA,,14:100012855#Black;200007763:201336100;5:361386,117.0,dsers-fulfillment-service,deny,dsers-fulfillment-service,37.99,0.00,true,true,,https://cdn.shopify.com/s/files/1/0973/2607/2148/files/Se9c99a373e3542fdaef2704cf464c34aH.webp?v=1753838039,15,"",,,,,,,,,,,,,,,,,,,,,,,,,,,,,,,,,,,,,,,,,,https://cdn.shopify.com/s/files/1/0973/2607/2148/files/S9157d606e26e4e2582ae62b14dc5ac19o.webp?v=1753838039,kg,,12.46,
women-shockproof-sport-bra-womens-beautiful-back-gym-sports-underwear-women-oblique-shoulder-straps-running-fitness-yoga-bra,,,,,,,,,Black,,,S,,,CHINA,,14:100012855#Black;200007763:201336100;5:100014064,117.0,dsers-fulfillment-service,deny,dsers-fulfillment-service,36.99,0.00,true,true,,https://cdn.shopify.com/s/files/1/0973/2607/2148/files/S0e5df1a5f7ed4988b9bc98346c5e86e8V.webp?v=1753838039,16,"",,,,,,,,,,,,,,,,,,,,,,,,,,,,,,,,,,,,,,,,,,https://cdn.shopify.com/s/files/1/0973/2607/2148/files/S9157d606e26e4e2582ae62b14dc5ac19o.webp?v=1753838039,kg,,12.31,
women-shockproof-sport-bra-womens-beautiful-back-gym-sports-underwear-women-oblique-shoulder-straps-running-fitness-yoga-bra,,,,,,,,,White,,,XL,,,CHINA,,14:200004891#White;200007763:201336100;5:100014065,117.0,dsers-fulfillment-service,deny,dsers-fulfillment-service,42.99,0.00,true,true,,https://cdn.shopify.com/s/files/1/0973/2607/2148/files/Sb7121d1d765d41f8a95639d204c71ba8N.webp?v=1753838040,17,"",,,,,,,,,,,,,,,,,,,,,,,,,,,,,,,,,,,,,,,,,,https://cdn.shopify.com/s/files/1/0973/2607/2148/files/S50750d272f2d4aad984696a655ba06ebo.webp?v=1753838039,kg,,14.30,
women-shockproof-sport-bra-womens-beautiful-back-gym-sports-underwear-women-oblique-shoulder-straps-running-fitness-yoga-bra,,,,,,,,,White,,,L,,,CHINA,,14:200004891#White;200007763:201336100;5:361385,117.0,dsers-fulfillment-service,deny,dsers-fulfillment-service,42.99,0.00,true,true,,https://cdn.shopify.com/s/files/1/0973/2607/2148/files/S9157d606e26e4e2582ae62b14dc5ac19o.webp?v=1753838039,18,"",,,,,,,,,,,,,,,,,,,,,,,,,,,,,,,,,,,,,,,,,,https://cdn.shopify.com/s/files/1/0973/2607/2148/files/S50750d272f2d4aad984696a655ba06ebo.webp?v=1753838039,kg,,14.04,
women-shockproof-sport-bra-womens-beautiful-back-gym-sports-underwear-women-oblique-shoulder-straps-running-fitness-yoga-bra,,,,,,,,,Dark brown,,,M,,,CHINA,,14:200203854#Dark brown;200007763:201336100;5:361386,117.0,dsers-fulfillment-service,deny,dsers-fulfillment-service,41.99,0.00,true,true,,https://cdn.shopify.com/s/files/1/0973/2607/2148/files/S50750d272f2d4aad984696a655ba06ebo.webp?v=1753838039,19,"",,,,,,,,,,,,,,,,,,,,,,,,,,,,,,,,,,,,,,,,,,https://cdn.shopify.com/s/files/1/0973/2607/2148/files/S0e5df1a5f7ed4988b9bc98346c5e86e8V.webp?v=1753838039,kg,,13.76,
women-shockproof-sport-bra-womens-beautiful-back-gym-sports-underwear-women-oblique-shoulder-straps-running-fitness-yoga-bra,,,,,,,,,Dark brown,,,S,,,CHINA,,14:200203854#Dark brown;200007763:201336100;5:100014064,117.0,dsers-fulfillment-service,deny,dsers-fulfillment-service,37.99,0.00,true,true,,https://cdn.shopify.com/s/files/1/0973/2607/2148/files/Sd5fdf329f6ca41469cb724d7c965eba9i.webp?v=1753838040,20,"",,,,,,,,,,,,,,,,,,,,,,,,,,,,,,,,,,,,,,,,,,https://cdn.shopify.com/s/files/1/0973/2607/2148/files/S0e5df1a5f7ed4988b9bc98346c5e86e8V.webp?v=1753838039,kg,,12.52,
women-shockproof-sport-bra-womens-beautiful-back-gym-sports-underwear-women-oblique-shoulder-straps-running-fitness-yoga-bra,,,,,,,,,Electric blue,,,XL,,,CHINA,,14:100015911#Electric blue;200007763:201336100;5:100014065,117.0,dsers-fulfillment-service,deny,dsers-fulfillment-service,42.99,0.00,true,true,,,,,,,,,,,,,,,,,,,,,,,,,,,,,,,,,,,,,,,,,,,,,,https://cdn.shopify.com/s/files/1/0973/2607/2148/files/Sb424f6fc05d746e58b4c83e02bf8ab99c.webp?v=1753838040,kg,,14.08,
women-shockproof-sport-bra-womens-beautiful-back-gym-sports-underwear-women-oblique-shoulder-straps-running-fitness-yoga-bra,,,,,,,,,Electric blue,,,L,,,CHINA,,14:100015911#Electric blue;200007763:201336100;5:361385,117.0,dsers-fulfillment-service,deny,dsers-fulfillment-service,42.99,0.00,true,true,,,,,,,,,,,,,,,,,,,,,,,,,,,,,,,,,,,,,,,,,,,,,,https://cdn.shopify.com/s/files/1/0973/2607/2148/files/Sb424f6fc05d746e58b4c83e02bf8ab99c.webp?v=1753838040,kg,,14.05,
women-shockproof-sport-bra-womens-beautiful-back-gym-sports-underwear-women-oblique-shoulder-straps-running-fitness-yoga-bra,,,,,,,,,White,,,M,,,CHINA,,14:200004891#White;200007763:201336100;5:361386,117.0,dsers-fulfillment-service,deny,dsers-fulfillment-service,37.99,0.00,true,true,,,,,,,,,,,,,,,,,,,,,,,,,,,,,,,,,,,,,,,,,,,,,,https://cdn.shopify.com/s/files/1/0973/2607/2148/files/S50750d272f2d4aad984696a655ba06ebo.webp?v=1753838039,kg,,12.64,
women-shockproof-sport-bra-womens-beautiful-back-gym-sports-underwear-women-oblique-shoulder-straps-running-fitness-yoga-bra,,,,,,,,,White,,,S,,,CHINA,,14:200004891#White;200007763:201336100;5:100014064,117.0,dsers-fulfillment-service,deny,dsers-fulfillment-service,37.99,0.00,true,true,,,,,,,,,,,,,,,,,,,,,,,,,,,,,,,,,,,,,,,,,,,,,,https://cdn.shopify.com/s/files/1/0973/2607/2148/files/S50750d272f2d4aad984696a655ba06ebo.webp?v=1753838039,kg,,12.46,
women-shockproof-sport-bra-womens-beautiful-back-gym-sports-underwear-women-oblique-shoulder-straps-running-fitness-yoga-bra,,,,,,,,,Angola Red,,,M,,,CHINA,,14:100011056#Angola Red;200007763:201336100;5:361386,117.0,dsers-fulfillment-service,deny,dsers-fulfillment-service,37.99,0.00,true,true,,,,,,,,,,,,,,,,,,,,,,,,,,,,,,,,,,,,,,,,,,,,,,https://cdn.shopify.com/s/files/1/0973/2607/2148/files/Sd5fdf329f6ca41469cb724d7c965eba9i.webp?v=1753838040,kg,,12.57,
women-shockproof-sport-bra-womens-beautiful-back-gym-sports-underwear-women-oblique-shoulder-straps-running-fitness-yoga-bra,,,,,,,,,Angola Red,,,S,,,CHINA,,14:100011056#Angola Red;200007763:201336100;5:100014064,117.0,dsers-fulfillment-service,deny,dsers-fulfillment-service,37.99,0.00,true,true,,,,,,,,,,,,,,,,,,,,,,,,,,,,,,,,,,,,,,,,,,,,,,https://cdn.shopify.com/s/files/1/0973/2607/2148/files/Sd5fdf329f6ca41469cb724d7c965eba9i.webp?v=1753838040,kg,,12.41,
women-shockproof-sport-bra-womens-beautiful-back-gym-sports-underwear-women-oblique-shoulder-straps-running-fitness-yoga-bra,,,,,,,,,Angola Red,,,XL,,,CHINA,,14:100011056#Angola Red;200007763:201336100;5:100014065,117.0,dsers-fulfillment-service,deny,dsers-fulfillment-service,42.99,0.00,true,true,,,,,,,,,,,,,,,,,,,,,,,,,,,,,,,,,,,,,,,,,,,,,,https://cdn.shopify.com/s/files/1/0973/2607/2148/files/Sd5fdf329f6ca41469cb724d7c965eba9i.webp?v=1753838040,kg,,14.30,
women-shockproof-sport-bra-womens-beautiful-back-gym-sports-underwear-women-oblique-shoulder-straps-running-fitness-yoga-bra,,,,,,,,,Angola Red,,,L,,,CHINA,,14:100011056#Angola Red;200007763:201336100;5:361385,117.0,dsers-fulfillment-service,deny,dsers-fulfillment-service,41.99,0.00,true,true,,,,,,,,,,,,,,,,,,,,,,,,,,,,,,,,,,,,,,,,,,,,,,https://cdn.shopify.com/s/files/1/0973/2607/2148/files/Sd5fdf329f6ca41469cb724d7c965eba9i.webp?v=1753838040,kg,,13.99,
women-shockproof-sport-bra-womens-beautiful-back-gym-sports-underwear-women-oblique-shoulder-straps-running-fitness-yoga-bra,,,,,,,,,Dark brown,,,XL,,,CHINA,,14:200203854#Dark brown;200007763:201336100;5:100014065,117.0,dsers-fulfillment-service,deny,dsers-fulfillment-service,42.99,0.00,true,true,,,,,,,,,,,,,,,,,,,,,,,,,,,,,,,,,,,,,,,,,,,,,,https://cdn.shopify.com/s/files/1/0973/2607/2148/files/S0e5df1a5f7ed4988b9bc98346c5e86e8V.webp?v=1753838039,kg,,14.05,
women-shockproof-sport-bra-womens-beautiful-back-gym-sports-underwear-women-oblique-shoulder-straps-running-fitness-yoga-bra,,,,,,,,,Dark brown,,,L,,,CHINA,,14:200203854#Dark brown;200007763:201336100;5:361385,117.0,dsers-fulfillment-service,deny,dsers-fulfillment-service,41.99,0.00,true,true,,,,,,,,,,,,,,,,,,,,,,,,,,,,,,,,,,,,,,,,,,,,,,https://cdn.shopify.com/s/files/1/0973/2607/2148/files/S0e5df1a5f7ed4988b9bc98346c5e86e8V.webp?v=1753838039,kg,,13.95,
women-shockproof-sport-bra-womens-beautiful-back-gym-sports-underwear-women-oblique-shoulder-straps-running-fitness-yoga-bra,,,,,,,,,Navy blue,,,M,,,CHINA,,14:202997806#Navy blue;200007763:201336100;5:361386,117.0,dsers-fulfillment-service,deny,dsers-fulfillment-service,41.99,0.00,true,true,,,,,,,,,,,,,,,,,,,,,,,,,,,,,,,,,,,,,,,,,,,,,,https://cdn.shopify.com/s/files/1/0973/2607/2148/files/Sb7121d1d765d41f8a95639d204c71ba8N.webp?v=1753838040,kg,,13.70,
women-shockproof-sport-bra-womens-beautiful-back-gym-sports-underwear-women-oblique-shoulder-straps-running-fitness-yoga-bra,,,,,,,,,Navy blue,,,S,,,CHINA,,14:202997806#Navy blue;200007763:201336100;5:100014064,117.0,dsers-fulfillment-service,deny,dsers-fulfillment-service,40.99,0.00,true,true,,,,,,,,,,,,,,,,,,,,,,,,,,,,,,,,,,,,,,,,,,,,,,https://cdn.shopify.com/s/files/1/0973/2607/2148/files/Sb7121d1d765d41f8a95639d204c71ba8N.webp?v=1753838040,kg,,13.49,
